id,name,componentIds
original,Original,gallery
beautiful,Beautiful,gallery
nude,Nude,gallery
complete_nude,Complete Nude,gallery
nsfw,nsfw,gallery
hard_code,Hard code,gallery
fantasy,Fantasy,gallery
cute,Cute,"gallery,video"
cow_girl,Cow Girl,video
anal,Anal,video
small_tits,Small Tits,video
big_tits,Big Tits,video
big_ass,Big Asss,video
doggy,doggy,video
student,student,video
stranger,stranger,video
aerobic,aerobic,video
cum_inside,cum inside,video
cosplay,cosplay,video
group_sex,group sex,video
homemades,Homemades,video
outdoor,Outdoor,video
masturbate,Masturbate,video
amateur,Amateur,video
hardcode,Hardcode,video
bitch,Bitch,video
neighborhood,Neighborhood,video
creampie,Creampie,video
classroom,Classroom,
rest_room,Rest room,
missionary,Missionary,
collection,Collection,
onlyfan,onlyfan,
public,public,
shower,shower,
standing,standing,
sexuality,sexuality,
cheating,Cheating,video
stream,stream,video
teen,teen,
tong_dat,Tong Dat,gallery
duong_mich,Duong Mich,gallery
colleague,Colleague,gallery
sale,Sale,gallery
vmo,VMO,gallery
luvina,Luvina,gallery
admin,Admin,gallery
thu_thuy,Thu Thuy,gallery
huyen,Huyen,gallery
thuy_nga,Thuy Nga,gallery
hieu,Hieu,gallery
kim_chi,KimChi,gallery
quynh,Quynh,gallery
ba,BA,gallery
friend,friend,gallery
university,university,gallery
tester,Tester,gallery