id,name,postId,totalView,hashTags,script,thumbnail,description,categoryIds,createdAt
relationship_1,,relationship,1,"colleague,admin,vmo,thu_thuy",https://lh3.googleusercontent.com/fife/AGXqzDnD3oYb0AfGmNK3CnjyVDJVtOq7YuL5Kb-A_hXA9Iaqu1yYq6P_MMpgP4rHZS5JbeuTCuycURvfBl6BClHSuH0dXb9FJWs0asoMA5IjUGzVBtbV6DPjkRFmGU3j8XeoSvvjf6XwYq0QrFjl_669NBGGB9NGE-FN6kEimqdjM4l_0VGolk50alCXNTvatfWag9nQjUswWw5-BExmPkUj6_via188MKhNSWOcNe5bZPHTxkeEx-QzA3U0QfPvnpElwhEu0jN7nDzPWdP_C-k4jhe4Wtob4RD4e4xwITJlHrKrpUjOtXkU2eBFT_G4Kb7ErhHZb30QpJg7QzQgunMlDXUHC76uUqs2ZIdhN73qr8yTi9sencQLIPZqcN7rFurmvcmWXEoPiN9xFNY_Bof5g44ZRLeSvfdwnGxPGBdJSxR4pTkc2GI45T4_s1BK3rZm_xgxER-fWw7ZAT4EsxpmC9nSgL3DZaQODiGxHZ_pswiZl8hj-vYpn7phuFiO_oWFxnPiwIDxDugP-evi5VsogGIyv7Bhohudxu2ZMT0Jhlr0Qo8SDIuKtoaIrUrxfpMK1Da6MF6YnuvHpZpqXwe9Qiql9TyBR7zYekUwYrCHRF5s4ZYzG0ozJXDagPgCMtQGWBk8_5431en8Ke8Z46r0ZsJNeP87gNsfk1UZRPs0qjoA2iXZhJumK_gaootm-kZPvVKvdp3FkQGUO4i7_-vmblMNZl9XCVu2Uq_F7MZgDT_EBVTPxSNMZHxV1JLbAATo8_c17lspaBNglS4WLQjFtFjlq3feIDEoLNjEc5XRlNtj8Z19-X9NXnW46xs3mqxCI4wh_fKxMIdM4vy3gn3Stukd3OT1ciuvWWH0dZH8IQQviZwxdt_p3NnMSf32tl1viQlm7JXD6ZjnZjTe9eJlu-9KOckoSqsjt3A4ug28awjyQe3twAnv3VBlXPBsrTf352Tv_zz_Ja41u4aMPowJACEu3gjkhckCj9wSD9YXhqZj1JehlJLuKoFjAt1JEGAg4WoOjO-OQ1SeU1eH6FHewlu2Y1Jzj_1vi2bx8q-6DjJLiIin_fhj13gadiCkJHtlna31OoIE1FagZwYq0Ocy866jelgRnQnfTpxNSdGtxjA-ApxkCMWyBSh94DvAZLONrxy_VMKIoEVX-AA5ZQQJDgJc-pdPIdhRl6vJgXMrHJR5CKjwG0GieYgaKAZjOI84IYp83rJtM9DqvC6u1iH-chpv9LkgJPHyVmT5lJ_Nq6SSb9H7G__gewv4XtCZrX7XuIy8_lIp58TZ3YspQJr7h23-VEfPy5X-5SV7nL2xPaeS473_Nq9w9_xjlAJ1enK8-kmZMk3Nlq4htpfUuMAc-x_Az1_sSOgRStsaVweqIdlRuJqsf8iYzJDl5NHX_M7immXc43gONBg1_hSAuKDxonQO3svZJj5rzdt_R6C0t_gdhVT7eT1-5KxdqvInEgVjXrGO3FWE57EjwKyPUtdkLtVhMlpsPNw1fMmXNZOsi6nracf87EfVub00C1d13GzyNFKWg0zjCI1fANQ-zdL1aek5Futy=w1920-h961,,,"stable_diffusion,relationship",2020/01/01
relationship_2,,relationship,1,"colleague,admin,vmo,thu_thuy",https://lh3.googleusercontent.com/fife/AGXqzDnazfooQ4RbQLJgx9zI8PSR_S0rgcCcWjb9DRkrF-ah5DVwTNk4ZcswVlsJ7dCAu5QhhCgGn5e14OUfEnOu0JIdLLbl9iXG3kvCrublbT6Nk73xO_xcQZQpkBzUp1qT-7g1e7mQiPz91H-YUFBT1r4T2jA8_z53uL_GiM_mJ2xrJlonxa0PRAVERn4vnc5UQKkIMLPYHpVvawnzMhFcGnG2id7ZPMvRZQyF4WVbmp0EmZqYyDrmSxIHAPAgnIBD4Lp9IxnJZgioeYWE7nCmpLSc44UQOJuMQiPoRWGhgFI440McwQ7T6k4N170p_FSkY7ecoZ-UtUWHGjZ2iZfd6g6F88AfkSWXF86EIvDouSdc5efV5EASAi2NZkf_DNuroD1hixo0IQ2SOUipcdot6IF5mHce14eGh-I0UKUQMGuGHJytWfS-YUr4pPoWDe4Yb-ZE1F3bc63KnwW7kUo5v_Abp0DF9pTkTSzBwEtWsXC8aSm_lECGZ0zOyin5IKXKAS0V8f74ep-X5kwP5Zeh7eo0MUAvzAIwEHuz7TyBm0frmDPxyVNBUaX3VK4a23C3VV-Abhtc-JxQZ9q9Cu0LCz0ZVNV97lo8ROl6eVJQ6pV4qJ6I_HTl4wmHYD-hczsU2cdwmOEuXdcICHWlwYDKSbrwX6x4Kf8_4mQwmDYJPiV6pbJK_emHReY3H-8QQHPGwTMtHf1XRNGwF3uDW0xk2sE6S2-XJKwdqG4TAUhzqFqha8ErcVQMwKWE3uWS0k5kK5CFFN3sLpfBgo5CXJ0-Z_jQatXCG8GNV98K7wgZAyzQ67mA2TPTamjByCsEAvc_4TEv-3n6dMiBRQ-GX-IeTb8x0a_gqUVdVfnv1e0ftcMfKVKiMji2OOP9kG-9gSmMA5ftvZ_ZA8Bum3T_9dUh4xhvspgPTKq6Vro2jdAACoFGcHobMEZafLrA5oq86BpcU3dtqCa9z3RguCQYtM044xxDzlyhWAwRuJ1mMV9jFT755ghwiQYxa3x_gfJjk7qAC1KYQGORBvRsKXFskINuVqWDcZdVKCDfSxbMd53a52zJMPN-vJbMH9Ttzhyj1VcM9ohUj6Ec_JfC9xQsHjbPH7lGcBRMgXdaVL_R1siCYGuEAJ0APOZMUzl2f_CWocH5GKWotAsw9Z65Xtyl4Eel7tDuuwsKJUPvC5gIpaholNGqzGsJVHsro_sxmGPbdp9VhEQ-PmX0i74OiLmGJV_Sco31P532ZsLDcj-7y0WdR2A3-pfhm-vAUgpCcWH92pz3k5L9qxTfnaOmlw2ttSh3ETr_R7irhcaQmVb77Z1ag60icbOay7ayslY7GOjgCtq20KVUthFNBDcc-R5oSowKqBi8byLdoTwmCs699epp1S4YqBNBEO1bwnGcKpSb1OZgOpjsCt7F-0Rq-asG3Lf9cG12XCzRvjNyjHN2N-lYgkzxoSgYYy1rjOc36Oxi-l9WhtGBgAgciQ-hvs7lyvTPnRklkc-4My_IuORSMTl1BTb3x7s9aPlI3TuS6YojebO9U_bdpuQELbVGTu-vV4t7cNugzv4D=w1165-h961,,,"stable_diffusion,relationship",2020/01/02
relationship_3,,relationship,1,"colleague,admin,vmo,thu_thuy",https://lh3.googleusercontent.com/fife/AGXqzDkWa30tovc-reyfwLxIo6GNo766vBILyhmLGwG6ubJrVg9i0gyWWnts52JZfDkGA435GZFl2xTMVDWFRXKAKXtOhHNYMSXwEKzO0qwzLYCazqHhptN8Z2p_CIj-u8bQ3YEEg0GZyhMKOunOZDWNRUTwP0dkMd60omhcV3ml0odDDBpGkVz2PvBSD5rQZu01QcPQNNMPE9NsBMpufpGl9i1X64L4eE_A4VkAJTFnDMqUQxVtvJBIqbHvH8Tt31e87BTNJ2rHtA0Goj0KQKJZ6Uwo93bEfcnAhp49VJJu4qfJ2Ir36DwUEIaqHocBE91fxdBYubILQGUF6D3r61we7qjXPerV2CCOa47PumA74Z_ll9gG94PNpqzhp553_6kZxDfU7qJgLUhyejEeOvdtDqd59aCN-M7bJlSBciSVLhoCeBGglaQyus_5igg58cxr80vO1-kkU1xZJ1bEj-5Jl_iES8wgS7ke40fo66W6fWh_NKioz7Hwz2EcLmjP7wR4VefyzENhJOSkhryopxZwnmSg7HfqZakiOPtJbpmCpdnJ0enOwX4ASC-ROfkU510xPAMqE_F15_hKbSyYKdS2jp3r1fpJzPwkGrJ0cydMfgd1WPCPuo3ZvYakeNbD2PT30dg7JKGQzD4AUylJZ5hMj60ZY-kSRKENgk42m19iEu_NGKKRNwtvVv_07WXD4kPkt4pSuSerZUlUWurZ8KaD-4Xh5mBvPwh9WdUHwqrO1vTrhjOn2KGPRQO-iLVPq5jzbPi_Rm3cMzeRSfM2W-INpzLjN4yWxZBJgYGUixe4RcPMntLx1nHRKealAOJw5nSf87ex7mLCXZaxdAULaiC4bSOqOeLWEsn9CIZSu0qadebYgWOtjrvb1Xa8yDxq_SP8whnoGNSzlC9eYu7DMLqj2rmdnbc4BEeMKgFKwJ1sSTAl2RCrOCHjWfYGddIumMwfud4CefbGBmaTdvtitxFAzbWC_VEu7Z26_JY3tKAUWa_guRjADLbq9FJ50gRPlnH4OW91BoUui0Qk_6XJQwNB6jIKMCDUnqckqov9n8ydJPnhqs6ud7z6ThqSjyvT_nz1XACP3f96tcmnqqBRj2-UKuui7TcRwpRZRU6hWuFXIVeuWEi65GYnhkfbOGECuJN1lAlgfmOzNcl00XS4JySzRqQBFDEqXT5bU3ffyxHmNvb7mRaLkVEwIsYjIs5BoXJ8keEMzAMFMGi79qZySg6-T7RmsKB2LIDIflGkfrEHLxyIizUSXvgkP3eBcw8YkqdRHSJDkg5Yj3W8n3Y5ti3c1U8ixRVa-Fvl0etneUs7OPMxpkBlfIIaX_yzQ2uCnmt8c5LtjyofVkCsNVn7JzY8Ik527jFujqwj0Y2hCw79kmScuONXUpjqDuLdnGywen-lwKjxiI4Uojx0O-WJVJb1s6PgESIGrfJEmo6xb1hfVMdcpb_-25O2g8eyJOIe4IFh0JgX7_I0uRcclHq1X98jE_XaLqIPInPhA6VfVvGJSI0QPtAVgPANgIet2uj_ZNjQycmJZorkyxeaaUzOGjls8IHI3Xlm=w1165-h961,,,"stable_diffusion,relationship",2020/01/03
relationship_4,,relationship,1,"colleague,admin,vmo,thu_thuy",https://lh3.googleusercontent.com/fife/AGXqzDn_fLihqgEm_9l-D1yZ2xSAoIeyPEXajDxd7pYZ7ehR9yzXZo1WEWvuo3YXoZh04XKFvFBrw98v9LC_ZPVfyEGPmiBDzWcNOdEkZ0eX0OLtoHtd8JjQXqySbAR-wHnX-deUibZabQaXeKRTBFjdYZWVDL7EStJS0ugEKhcUfozBv_WLB-c9iVcOJTUvpBbbtEcbdtW5fELJI0idcSQKP5ft4bpaujuKRePpcyYnTYS2xVPuB0noXjwqK9Uif7M4-L6GzJcIv76ap5VGU_4YtMA7k3GoVVbMc4kywkjKiBhlaErfVpAiwW8-nxJh9uFtl8LYiNQXHQvRS2GFapuptwBmGN9g01ihQmwLQnUQjAD3XtShMhMJvgIjZJ8Y0fB-wCubbSQ6V2-E605L852g2w8aAZukxkvxWKvESiu75HiS7vJJ9Yk9eOoXhwd2KgPM4qj4qta-biLzRMIpTvAIdL_FssnvUszGqskZw7jkFaIPG4PznpRuqVnORSs0m3hRfu_kxdW_ZzOsMBp61sZiBugEjdV2k0shL-itGP7nJBAx8KLFZXsQy0yddRIKLoGUrCEgQoyrCEcXKZiZRiFULA72QTmIvUmO1UBUha_3KvFksLkKh6mr6NIstNhE26uWgY0FpqIZhXg28bm9OhvNpgErPbMddI3TkkxmEhkt3wr_1PZCU7feKz9DkCW7kOHXBTLe3lKiEzRKFYWa8QSFZ06XQFMny93DImOZdga2OO6bCyx024nx9cTC0yGVi4XO8ZLqoiBw1CIP-StCKux4J0_vF56A04h6wcT7NZcLUUkG9I5y6cJaBWTkkG9ZElgK4q6QO74iMPClxydam-MWaBlXC51bgN4e_dcgtTJQO98hpOW20ld_aRQN8trIRLVLUzdVRNdX1A5KpMkXzJwvXeQYYSsLTklD99ohIBjZVrrUNI0zvneO9NY9ieFq7dNkh9z4DpSDI3cJsTEkqv02VGN62yBzz8ds8XKJKzjhmYP5PsoMOccRwSm1W-CYSIGGuzusVyzvqbeLeSvu-xSbR0ttFgxcdJMbV9fYFnGOjoZrCyaxdvAMFQClKVqQ6Nb4f2VgvFI0ZsCQtn6thFvZ4OwkqZtkFk2kYx2i_wnBmDVv23NAimlYSuI3_A5wn3oKfSCS2hk0aVGykezWAr1W0dIdUDvW7sL4tGTgxAXvkRuc8J_tO5Z3xYe8WWDuLKB43PhV3PqsBJWB3RITEPWjhGSIcPjEnpaKbmMDUOQGAG_T169UI3Nza0GMIcn8KBBFVPruEKSuDGZ72UuESuWFEa43vryk5vEqM1U0EMmZz4pVciP2udt9NXVH98qjvyROZ4fQiermiuvhVDgxpB0Mgvrlk3tI9DPbsuG7_0WMxtDH8n9TFAyA-ZFV_IroHXiAUx4NCe3piDIqfLW-2zrZ4z0Aof_Tk0hq5m1IxbuHLBIZ_LFv2gma1E5XCIQEVfx1wABSNPi6kvcn1_5pRkihk5kHAAbOb64Qyfx84gvWIC3VcpcWBTuspVHC3lS7Sn8UUG8B1oipfHmIaGOASwUA8RjORHoV=w1365-h955,,,"stable_diffusion,relationship",2020/01/04
relationship_5,,relationship,1,"friend,university,thuy_nga",https://lh3.googleusercontent.com/fife/AGXqzDkdoFsJxr3YH9-v1nsr9AKYGG36ujZuY47tMfG2R7PvkRSwDeW0WAl2eemE_wcF-Ses3NMpWbxX3E_UNHmi3r2XEnjt6DN2OypyxQ8Qqx-zsW7JZ2ljK4jyh0QsHjd1a6YEyJq4dlQboCITlPthwSXRVLrnuFPUoz0BKvSzGj-_AZhaS0VlI35xIVt5yIlwp3nVQWXb2IZip-EbfPlcmXWFb2m_v2WIagwhMFm_84AnwCS7_7bveBUSaBGV6Okw5N86AtpIZmzEiP13gY0vYGEUh2A_bYy654m4wiDwgreF3kuKoxqGlbaiGObsrFiMEfIrDPud9AGESPqi-otew-0JiSZmSEB_WMSKYjWgy_hlDbqD8pvsvct_Xkv6hLTJabLQ-QzJv2GnADdUtMvRjOomhNG8p6TnWMhzvlMvGIFJujaLpXARSPjT3w26A3dtOwtFeDjWYrLrJSHndaXlJ656kg4TU0MKHjeGnIUe7RKd5cfZmNTt0Z7lGNnKQBRwDX_WUbYRc5kTkzFht-jNka_8NqUCMHyptEpuXKRysAoruDnYA-0eWO8SP4js0FRc5eU91ZMOEoS0N7JyqUjeBoeJ495AInTaddVsRQwRq2G2LUtBP6lU4wzLDnD5YnsUfZJX2mtyg-UjW6EztHNYtTLHLVRkPoQH4ohJQAjvgJYsVMxdlis7wrBv79dFDMx5YSA20nGsYUo_nRUyt2PiSqfUNkShNpnbILo2SOx8vX1QYF-wITNDCHcv30QeGm7o4v6GYlUQPS_IxQvysVVufWOFvJewwR-MjlTVjwS9bW4n41Fq51UwOI_gOpJ_9NOcaCMXIqo3yX3KIX_TEmJb7ciafcWpUKiMUYbiIqmPgD4XRMVSZybL2-xU6IoJE7kMjyKGbohKoA4dn2mogOGLeklJE5XtlCNTKe6oScblCuAJUjn9DondRjfNWnGfJ-7QBdAltYb2QSuxcPmnRE9awFXKyGaQ8ysUEK--KUyQ_PYmVblHh_w6JqCVC0waKBfh5EfJElrrGohq4tBaWechEH_ls7_TTinnaW_FYSpI98-nw6lrOSyUB1IVoBZXTXqz9lW-WlkwjxR-Q5MHu9IXcOR9egJ-8VeDHU-omWSQA-cJ_kmpdNHe01CB9jhZJ-ECJQ0rx1Zpp4CATAu2b2Lw4fQihU9rEo958pFg3xf6soPHgACf0Q88eOqH4rFrF1G6tSjTtTLH6xht3fARoRy_JXMeW2buXP0gHe7qrSJgAoXRIZESaGrsEs3Cio1vsNmVubi5KzABLtAgdqmcIv_3wR-kgnwOh8puUh33SNc0wL_nBs0Q_40bOTaxByAtFgLXV1bhrqqxZXN9ZbWStAnKlnaHsHxZOcj60AgrXnpzmY0LrjMBrz4el_J7eQTaXv-G03xIVq0sGzHvruu_3qMOWkagHOgNJjyX0Ft7kYR5UO-bt06spZeryqogu1Ulp7o7wzMd7jpskoutD6ZKglS4yXMklkKtCEj2msavL9QswI1eIJyCcyb6kRSlP02c19Ezfku61mV7aVtCtmsv-QFbMTly1M3c=w1165-h961,,,"stable_diffusion,relationship",2020/01/05
relationship_6,,relationship,1,"friend,university,thuy_nga",https://lh3.googleusercontent.com/fife/AGXqzDlVnrgu9dgQOOchWNdTszlufQZUFjG6362j6GgcoubfxBz3-3ikslFLmZiew_FFL4V8PEbZ-2N2G0A4h5FZhBKcEwWVbh4CoBL9mtC3QUo9b-mr9NbdlQTGpnnKBwzO4dyiaa8AXcNq7FU6Jvt1v8WFJzqeVPMOcqAPA6FqqDb-VEaq1VXR1_ElSvXe8n46_Sq6g9uYg7A8JEMU3XgjhaWXDkOQ2M9NrNnK-MsRwg3pdym6yJ_JXZ4uEbD6xnR9o2HgdK2VP4p6hi4XprFw4bMETNlzVL5-Dp852nFEFtBYUo-9Iil__WjLU-_GXmrXYXa3CRz1Wr2lu28bjlQoKrB_7e_uGfOZR-cSt6cgKqCmh8l4_hQXyAJHA42Z0refEJfUr-EBQ3jaM-BM1UvlkPbd7_FrpAVZmPZsKeOuRQoikKmlhS8bO2Gcz1IUR0xieMxLeNxx6L_HDbxYhcfJN5Yh7r-7JJDNyW7XtPBytOcBkfQev1O6i3iWtZqmWaUjVjhvfuVLX2B7lCgA1vsbmVMxSA4vywoeWyhZQ_mvusL7OOzrIoVVpuh2PyD5eSF7sbMuixDeBh0Mw6Z-KEtIc_nNCugfZ9m36rnJIufKiKl6-TNUMqw-4Bt4LN00eD5uMBeud-aarII_Obi-DUQzCcYrgXvLjv4MvpqCV4vhfixv1fQklVvH3i4MTrKUIOrJet98IswWPhmvxl1ymZxXyscxdSonvlX6z6TcqVmDnGcUrGQbE2T0tQco8y_N67tSMad3Um_yGXCczfLYEAIhisML6Cz0LtQQiflxYSqh5As8ARjFSgwyIikG-rYHSGKz4Aq6osvy6IqPOusdXJ0kNjpo2FO7joidwI8cwP9dxlv6Jv36JmaLgn4cCotSVR8pOf8_rHlFIsw168ukmDW4yM5NLbUXbB-ycSRhI_k-8pw-Tgb2qKZDgGdfJL9OzCbbvEbuBu9bE-xcZz_ArQCdJOJK3fGoYau8AezGG6t9a7vRxAtShU0TbcVNtVE46VnQyI_Ds9QUuaIwbNTK6X6sPiWK2nL0J6pShFE4t_iGkYPIby9K1O3E4QQ_m910PtRyDtdYV5aNvQSoK9cjLSL6aQKFvZn2_URb75S7cfb5HlN4s9Itr9izYy5sx5iRtd73HMDMnQGx-E9VcImJEoKDhNvdq3nyY3qu0-9VCDHW3UhS6t2aYa69R94TB4ytns0C4wYVJK03hVMzJDnjeegfpqJd7LfOp-mX2G6pRwn9ZxYqw0XQpI9sVxeyTvWOo1OVcPUo31tYRqeZzAJ-41LfkbHrx4_DtJ6ugt_UnpDtseqpzQIlQ_IN8Nk5qe97Pr14uEfAbgkTxOxQxMIK2VkLkRaIu2-gP6glBMmF2-GVs8wIjgQISawAne9UXXk2hUGhwsyrzRJkbgObD_HNMUtSPJuI4LwJcXYJU9rXHN-Ar9SYkLJsBizdGl0fj7S_TfuPkAOZYCb_yxVOZVvDv8Kof4XljstGsqMQCrDb_GTZFdB8KK6KO-g8Any01luYE6BvxspE7gMF-vGtgT3B4pjVPb6DvsTB=w1165-h961,,,"stable_diffusion,relationship",2020/01/06
relationship_7,,relationship,1,"colleague,ba,vmo,thu_nga",https://lh3.googleusercontent.com/fife/AGXqzDm3hMrK_ygy8rdRYvjRl9D2rzqQIiEenMlIHomoDwQhjsy0tl5GzPn4zD9I1B_YnVwCF95js0crTCxoW25lJD612V0mBJ7PAnKR7Rt3TTPduBOVQc_5qhNoIIczf95mLg6HDJPf7ryXvvQAWPgCeiLscY9IZoQDBoDSIroTCF7RevcxLGg0_zaf0oDATVcs7o-AbMd0WYr4Q7q8PJn60XuCZkpDe69MmEWOKVer67PrxP1ycEEpUbhWVYa-c7LVCNhg03EYq5BeseWwVfiRAxrCkjJtO3kq93TW14TCtnUUwfFSS1HuSXuAnl044m5Z3fVAt0wCmEWsw4JPeSZ6ne9d67K3sgPUZcWAytXGZEV8wOEOp98eE2vpyK1GyiVx3MNP50cAPPzOjb9IArmXlQim6tX0ypysp-AR-NripVJ4jC2qMYuJoX8kzTGvDCJkIkaefPGqAkigMfKk_xREjS4D0qm5xrzRE1mlXjmbzePBWbggz3VUEzoZjnZ5XFheah229aVrvkgxB1l2hojYRq4ELRsY8myp_Rs7mAsu5KqS2seNUUWAw4UMhlzmsFm_Z0Ed9vmjlZ_6B6LF5_77JGtyYrVwRBortQ4oy6mraqtAzxIHJA7uxO8QrH5fvyGKghg-vB6EWYylIHw7zRo8CEeMUrwvP3IgFcf-t0h24gUIPJhmWzd6ZWq2bx32XN_e7nKIZi-ADjGdEi3UiatrBRvmoJFOS343ZbgPxl-jLbZ_0Ft5zOgmojvoeySySNe2LSbBsi9mZyy_ZPdY1QrETUpCxTLWKyc3wCmzdm_WNIyIN6CxwIwDL0ZpK0QcQjRRfe0KZmc1EOLsZbw2dmJk_ciCTRBIR_2oUD0eKAEFihI4FfoZbrVfJ1SjkbPYq5XFD_N-D9v98kisMXDc9sC0PMfqHgmCqLnEDYALxhGnZPs1q7elUUoHBI31E2Jo52MeK9nA7uFuo_8sb_yCA8mT1Q99M4G0ZxtouSHSkdhYwZBwWdz_a1dggJaH63Ha0XYRstaOzDfNAvLYtGHvcsFQwfwykPFPDatwkn5GJcUMUUSxMTiwXjMmk_XDNxwxNaLD99BphUS6iWcNyoq4jXvsdFnoLn3nMsuz9UdIZKd6DUm-72UHIJ-zvu1FR6hyzG5GSm82FHuIGI_XEWRbAWPMgt46t1mbsYzNSyt0VlcVMIVL4n2_UOlToI_2ykFdsqSw1qp9qw3GVm18VST-0t_J4JJC4EiaGXWH_6J9THqTYjfLHAzSPsGox7yYQwLO9h0W0yd_1n_cU27x5V4SHl38A907l6L4QQKTfZavlhz7uGAfVtuFIyfA_DCfP9igDi_ZxZVCU1OYXlhVcDNA3oIQ4QWreLBet1BpvYEGGFIUd2qKuLfEEe-g2RfWkrvXtKOpqsz5vmxCuRYJ1ktQBSM5ZMo2jjzAAUC_9-0IPK-tSeS1lawOvMKoR2Gqr5M7aJTu8ItXcLU_bHv0fFtzH7hANMp9-sqvXGwdJ6FZ7Ly0-4R0VEh63jR0FSKcCzaPk06mBP3mVnGbSi0aF-Jdr1pVR6A1UXcV=w1165-h961,,,"stable_diffusion,relationship",2020/01/07
relationship_8,,relationship,1,"colleague,ba,vmo,thu_nga",https://lh3.googleusercontent.com/fife/AGXqzDlO331iOy_xAlGOnjQyE_Le2v-9Axlfwcoqh4ZI-fRUdg8wBK0V4ZX37Mwb4loo9HaWU52uosl68Z-7OmPyZN8_xP_cEhvGGuZ9vmpYxy5JANHpevte8e6rJSZsywUFp_f5tAOcWVzRx6_uuODCM0BcthVijnhPeFLH3f4Pv7hQhaq65dmxaTn2lqDY-9vEnDPc_mbYTDq8ZCECUM49g6yUDzSaDgcfIad4XvkWzk6baj-oZd9g_tBKyHtgHoJ0wm3HlgAkHlj076skXqkzXI6kLv5MHds2DYMShndTX9us8CReqR7NLCIGqUyifXtILarX2HJoNCUpgLMOI6UeR3jMiz-mAGNji3NSnnQ4huvvfjBsB7aY5YqtN-ZP2S5BcirHAu6O4QwVxTlUP5f1ErGoGe_7bIowu7W9kG5R2D8WUxDpZzlHQqidk-o8GicfVmqM3Y3fx0szJL5X82BXJ4AWTVlcT6AOJdcdFqs112p_C33NfEXeMCJl76xMQq2g8XIoupLb_AhJBpvZ6JNcKe5XdzRVcsIb-UlvMCL18i2dE3e2BPDmsBcTPaFSgP5DYs_Pq11kQi-SfscExv8z2fjjNVk17ee7jtiNywBaywDYY0wu13bSskv41vokd3Muridl-KJg9OS_dnvLyrS3-LOIGAUrKv_d-0nxP0DCODlismE_mfzS0YfKon-1i7bBPwigRAxA0_yDqL4Hw8Ml8Nn0IzxvguFJOudz7-qqsBS5hygX5SXgwCi14eqhtnYmxzzjIHpgBmIXPIzj-2rQeJa8lRpiqz3TTwzFza4iTm2OMi1q2NflURBMcobCaDIoYkmn0N62vK7EnL6z4rxd6BY2bczT9jZVu3a38CTj0AvCzZ6k3jq9LAoQNyuB1s0-hXZxBNQZglB_ST4pjC9J1D0RGa4Wslln4rSHR65pIg3EnItLauf5Ztgq1Ncgig_8AScGakHP8dO5vuhAnkBS3jVTK8Kr7SCVH4B1-E0psv44u4rBER8iqG2nM1w8AkIHgeYxbCuKOfZno0KNjOSB89IdM7-Cr-EkDhKZ4UZ3sPdYdjSaqnPsbJB_LWtoiw3LDyEaIj1GxA1egHaIs8hbueVC_0G6BQLhFRxdRUzOW-26PN70MTDVw5zW9xTwgp9vK8nmxKUfL3E8Qzbj5N-4tbCE5z0AtdiGBtYM5XJcC2W008o4jXLZlmuUdY7jYPWJQwqIFB_eTcjQLTFl_9PbNx0iGJJfE5iI5PGI-jyRWEvbixRnhK2EV3OQhl84RBrBQ9j1IAIkv-PQXzrq2UUwCFKtHEdxMKIhHAIJXR4_2GqtJzMh9bL8VHH1s0CAnmLJSkDgfHOcltT7JFuKm8XJ2UW-EHrkw1KzsJafZNoDnmhTutxvYcuj7hk7ewSjOdkUmz8nIqJZTRGUMHcVRdmjjlbTuuF69zKpjN7Hf636NVleCc4iQaopIw7lbUam8OJKGR2HkjpgULEG7rUxScAFe7gUeToR0xI548qo2VwThZs7stClYjEVF3CaD-6vLUvgQoybhacWIrDTtn-NKSXrB92KyLeu=w1165-h961,,,"stable_diffusion,relationship",2020/01/08
relationship_9,,relationship,1,"colleague,ba,vmo,thu_nga",https://lh3.googleusercontent.com/fife/AGXqzDlzgeUgl0cNJjIEyEHKzjp0JkLo9SHoaSIw3qR-sPGu2OjCNF9BW8duWOR0S27RrSMg8BNE8r87qVaJKrwZEbVvUnHBtVoWQGNM3LpSzO8ISyGS81yLpFWDQ30jcCpKlXCEwZy4rJHjFXUZ9AWZMn5_O7RDnvsXa3D-3z3aUW4lRRd8--IV2AZKpPnWa3eAaCf3cla8a_nz20VTSW4fhTt97HlKWks2I11v-CJAJ8lvBc98BUoQrgP9On4ArNxpQBNE1YEx_1g8elTXt6UjJBnV0Xt3fp8Nlhk1R7WN_wVlnM6eRRy6dk7aY_ZjuKgTXrflngYAGozSb6cuKmeWQCcGReE0jIJmB2DG3_1RjMv26iCXNuOO57krpWeFHSjDVogHwRD1bvRFkethGJrp9gkjtF2P6BoqxpTCTQhlDJOOfZgdU_OtPmMWt-nh025n208HmK_FYW0XOOowksRqe4AitCVromZOTw6m7l3BKAyV79RrFfEt0grdX1ixX0kYgixKd316xLa7c7z_AE1WmnP6IjFA_GpGjOONlzFcEEcV5C_Ucqo02C4qq8Y5__yxUvyoccEBtIlMyn05yTkcVsKNE9P5TrCWrKdKJ4pOPMU5gDixuY6A-aUA56y1mF8VrYcKygx4kQMcX03UZnxkplHYxKQiE4KltE3GdJDDfdpKvj9iMtSezLm_dqf4nLJPXaNcG70MULIrdtrJvOYNkMiC9sZD5SeWEKUABRUWgQz7wNQKcf8pSGKPzpZ0FGGoEqAhkCvZlm6u1R0ULPs9AceU3yoKQRBH2fWGuPo4A9ULoNIxr4hmhklCX_p9L4DV9BKm4EvYnwNKLCxZR6nYBBJQyOf3iSJSTJnbb1yE5n2u8eEkPFI03HnEdKSjFcfSiI_enV9sk_gKHw-zihsrybUuM4KAf0xZ1yRluX2-HgBfV9SL4s2gGwydecT3UeUozuAG4rS3pShkLtkQkl5o1H6RaKbEaVv0u4cyvLT-J1EF7hKg2tCoI6k7ozvtSjtGpUUGFf7DYe1yxOIW6ZWFp61PiVqcHEEIRslW0naU8ZlaxFqW17hGmC9PaUZeC8BtE-6p2mWv4IVUpxFARUKvkrQ0R14YzgC4wdVad_zZgdRTRAz6qJbvOiPw0DGWr6snq_TfhBEef23f0VwZdxxlpm9MtcThFxRzWCtmjI2W4TfeyviMDfaaEfthq9gYBON82d14va7P3noxhNItOauccjjlklWjJgif-nTcLgwXonYDV8yV4yeYDDP2cB-dhVLfuHRNsI0mfgoYABXhtSC3QQnyzSjta9NwyerOA6pRvQV3aOF6h1GDolaKMTXWcaW7z-VB1U25_XOEfweBEh8UPGNWXtKVmYDDouW0c52UMHu1R4X4IWdw-FPnpGAY73WDpBhjcI5gvD9JHLFo-sb3iJUnEOstGo8sEq6hW1_SNTPOe52J-S_na-dEq5AoKe4ggkGwT_7mj8Mp_ClGJs7USTNpZh2UodWs5zPaWiVMyEYN55sr_zxPcyWQ3axXHu8Xx50WVhtavaXrLQSPOzoh6LJYa1v_=w1165-h961,,,"stable_diffusion,relationship",2020/01/09
relationship_10,,relationship,1,"colleague,ba,vmo,thu_nga",https://lh3.googleusercontent.com/fife/AGXqzDkShZiHRGcO6Qmyh5Xqt8ZIXOTrpMg2t6ilCexn38EgYwTohReQYTDVo32NVpVhx6oyVatrLOp5iwS1NesJC71xBnfTsxyCOQWOa3y50YQ2qKAnkILNzCoBw5b1fDyOR4FoIGYGETDt18LU0UXtZH5yOioHSlpf9lOVm0t055mYAgfNajucRK20SLZTFCQrxfBU57t3HtuDwnQ1fVkcJvo4apzrJ2KjvqhfuJEJwcVGmbXgk22M7NLGJJ--hCld1ROkTkpwZs8ZANVV6gWpyoe8OF4QjlyZo5p7XpbO_ZHtB3VfZvZEGa1NEsraEjnir22dtVmKWk5Pp8vRzpYq0v4nKKA7sHDRT3dwtKIAB_wlU9nFGm1z2tHxlzQN2KF5lrPrBLJWBv0lcUnYmHScJ7nDv93QvrizYS3wwi1zEKqL7SQCVoLquqjiiV-M445vlWmHvUUfsiLGPt9UhCL3lmHhF9aNi8h_-TseaXaa44flvZW4_wGigw4NkYznw0HxP8zdyG5ai0e664Z-AcDpHKaH2UzoXjoVg3xzlzTYNiuWL_cOdgrPloGjCYdXaiBDbXYS47gdtVeLjR8q6nRRaezwv-Rq_EihVAx65QzdHmDFGOHAEr3W8UMISm-TL4zwhgLWLAjQiZ2KfLDYybA2QRQVcjZHLRPPt44BGZxNVhxyH0gzviqW-Hsn9HW60tQjhzvyFHF0_0iclseFlH2_ZgfES5R2TyR8SUka9Ak0-9Mw1ndsw2sXu2a8qncyTSZTFArTK7T3eEW6WSEzG7sW54Biv7B6fSE0UgaVcwU5XgjYrQFAPCZv8spDGW6humoxAfVr8mb-mU0Ri85fc7fl9nhUW9cCdBYwKClYh3c-WTwBm7P3AvQUviLN4wsbk8D5LLbb7Qj4RwmbhpuPt3T28fexmZw74C8u8gw6UVQ7XSmWRFP2FgKXr8seVquJGq40Ufsbsyd4d7rWcmrBpTWgUqBtGMykd_hkhZAifrW18Ek2vmoGH-bxMeBUmm3PoJq77kBT_x_qRSXYR7ig5Rc-1LUPoIuvZu902e7SynmHGR66oaSB0jVD7th8zpsTsdiC4VV8dAvH6eOQTFctjUIPwlByJZR7DXUCsNEENZpcfPhFo2vdDXGcnAdCoCTe6WmgUHko5V2RGKy1i98ymKMwZD8TaeOD6m8L7F7_vtGq48faqo_qv8fkK-fcEqw2txlJc-9-R-LvYdbrkCLN5bMlX3M8IX_yANyJl9CsxoyC78qbwzvVtEhMZ_4x_vBHZWdf3hRWbyUEs-AaXvf9mwNL6YK6nK9XzzHr9h0JcB60f-tI2EMJ_XCVGMtO04AwcNZvoQehol2k3A-cv1c8v_jGpv0tbmfGYhVrEIQpcff8W5iOTH4jY4sHRj_PgYaYlTsSy2p-5I13S1H1FsH2E6mvzSoL5JPQjIQjSdF89nzEwcsQB6M9_tAVKMBOam3PuM0mzJL48U0oAiK_Ngom592HrUs0Km3E__pIJAmjdd-vXaPXAKMPJsVJxr6n_jYgmk-wk0ASv4syR8m4MraTUrPrWBYGrGpR=w1165-h961,,,"stable_diffusion,relationship",2020/01/10
relationship_11,,relationship,1,"colleague,ba,vmo,thu_nga",https://lh3.googleusercontent.com/fife/AGXqzDnFI4t-LaETMbOJl2vPKb10fatRbAPS0BS7Q9OGqZgyvcoddngdWs207XHuVU88b6y2g9W65CvIQqisrDHJhXThJ44R9aH8MEBW44OFzJ6kQtYPM82wOJhxD9g9wlCRRb0XMLFUkfWT2O9Z7vYbtKv886eMT6Y7g-WeAdxxm8ZiLCmourL6m_5_2SXdZUOjDfSiLY32BSPF7wa6Mm6NLhFBAff7U2fRoywQrGTP8ODV4No749br9PXoQfEim2czG5vqgM_MR5_w63T7EzXcHARuvlD-WliOtl_SozbYUlHU0uFbvANWkSCEiEqLtRfTC3aR_iUQmEryXd5ZTf7azsHYUGN3MnCIqo2uxGJBsYzpahtU_8LXavRxiEjtSk_MNnMCKveodw0FxQXrgQ7hV30BWOHEDBDBhGDcOUiv1JhwtokryRDoUrS0dX1qvQJCAADJPpGbTLGO6qg3uh5fja2blBi9-3bMM08j5ezMQnkrsMrFW3Fehh7Yvel1_BuSvyoC6QQZ6PEf-RAThVCnV6eCZErA0zKyHg15Hhpu7v7T9ePKrQbpKZA_aPf3-IiNk3PaA-_kWaNhvR1a72a02_90q9obJkVHzt-iX6m5sqawfA1qc6RRtFN3X_ebpXVXfwLgCEQCMNOzLCRkcIyLacPmML1UWczVDipX_C6BC-ogpCMOZ5Bdep18o2ckadVoaunU8o9wlGtHyiv-vaAcONVaUvl7YQHCKNKYcfU_ReCfual_uZ_xv0FalxXXrkjpxS8Mvpo1WXekZxvRnJaUvcLaWz5NHg33kUNmqM6opPIN-xL6l3i4Tei89yjqVXWPl1SKj2LsdilJ25BLvhlITm_PfauxGyqsQhOurcX3heA3owYGHrMHVRAAAzQgcXjfBAmsboXtUefppyKhP-6ex3V8ad6uCano1th1gOtg6guVF0cgkYlRZzWy6htIpBe9bGgY_ZjzVPZTsqiX_l2akZnkKv9TPgadBTNEa4bXaNDY2CWilvFg1u2MV1hhXTojRMp7BYzZluTwlmNturSTh4P5HamnRsyJZIGwJd632IpZFHzc7zOKBchWpCpyxIvLrMjDPibWm4t1MKcx7SUysbtOEZmEZOO2U2DUJ8shFX6-gHj1xa7p1v7siy2MflfYFbrwWklV8LHJeXNHNDHhtWVKPh3HOC7PQ_sxrzsnRwZTLkoTQ8CWwoNxxO4xYyUwvhKt0IhCgE1qXcyTeKrtZfhHBKkmcf8TDqaIB5vD3zAm2d9-L_S8GydsTEe1GPD5rbIMaxQf88VS-jh_fVU_AVAlzF1BhnyEBmB1YlfT8YsNRBWboQnmwXMoiHZ1c6MHOAY3LjRq56xi9i8XBQZHmGMl1jiQb8VPLbuIyqM6G4cRcaFMpysqPiDm8AQCR5TKfO2wJUUj-G-_-JKseSvPaRSjw35FswylQ1shnZvmE2qZSI4gA3WZSjvTE-LnKZEDHrk7YIER23xtlN9F2WNBbwT8IdfhkW9C5Yw6l35wAPGlyBZw5ZQhHK5sE-gadXY37Jxc4O65fdQA8yr6VlKwlBGI8ZVK=w1165-h961,,,"stable_diffusion,relationship",2020/01/11
relationship_12,,relationship,1,"colleague,ba,vmo,thu_nga",https://lh3.googleusercontent.com/fife/AGXqzDmwipNHchXrzvulDjEGnODrKtTNzKB13IUtq9th_fY2XUX5H6NFotdJ1INGxum2X4_BMC0YvqLiMKzhDun9fgflKj-0X31H0KK6K-XzcGJy220ixqn2j_W60tcUiwSZ12JWXXqmJIefLxDGhyj5wsHy9HDIMv-LtW7HgtH5Ry_NOsCzTaZAmBF22_WbbAwz1NSxSIbNaur0S7M-8ErhBpD2klG933UmnhL9bTVTdm1ej-91j2pcgtLDYmFWcVbSyxoClijTgZxm1yIw0MQ0yB6JKKqDp8MD0piiMjKLECS5YN9-WaD6J_xlb_8ONEXnpAM7gIjkljr1KQGNsNlbhxRRlTE53nAixpXlri9yL82Oh7V__cjd-TdWlvJ-hiaFQEgdNwGtRjT4K0mST147a9cC6Q6HgKC-YIOzkVI9K_AzgK-tTvfqmTAQiZmCaNbY8Zht9jBColPYk-9EpkUMaaVH6UXSeQjhkRWCk-ghuGfWULnBMss196pS1nycLLGYrqgv5bXHjgxIQgOnHCuVGVXteVRVZCUioSnNsgOAd0gkTgOmQjGwcuXFFwoMOgY4TMJCL6dEneZlYgvaMfzNcZaMNxH_V8NT6YRpqZ7MwbBXIj8f7f2zKxHbJf-DYIkOfHIEOtI9WqOdjeKe9_vhoMsASdZzO7CLPXGRUNUs4ZwJUTUMfDQBhFFEx37SXjRfYzR-oSpIG5fPYlhx-o2RN0GanW46ARf7aqvoobu19agHF0Cy1IXIHmL3zXKdKUdyW1qfd3D0boLmvxNCHSnPvZlCqwyvQuXgb5PyTRdl0ngszf6UQY4TliXJnE7n-AMZ4gWMM-516XWCSpTdEHBPkWtHyv1RZ4LBhjwof2QVc8keO0ovz0-Z6p5FVW0WO3oJ8fWdxBvfsxLmlo2327VZysZAvZ8TtS8YcVe6GRkxHwvgckVieZgw1DUzXt9bkqrqhNUY0qGEBMpne_VYc6n3AcYjrqd-qzZV_ZUgNBeUtKy8o2deK3U986Dbr09te9MExqePZOLRXZNv3tYAXuxsMAi4HjBosUJluPwIbxZ-sjd6Koj9Y9TyX3iKBFesW-Dfz6hVHhZrGInLyZIVhx6VR8V2OoAp_7jG1hbpVONGDS7jC0oKlVGees8JF255ejKQB1YGvqfv_eHnKPlb9D6YfRZcTbHUAAVY4zZitx9Qn8l1L5hM18qudSyi8xu3TTU8yqqXXya0u23QKo8jnxYvlm17iH049aAy4nG26HUdhu3QFtUjwfsyz1GbKreLybVm_Yx9Bz8QE02lruvrHx74Xt3ByXyUsGV6H-uA9RF209hq1C9BCzsOE5bYhFPpL9cuJdTa801W2uVDVJvwPWNCimJoC07OCz11Vc23nppCAzDSa1PgV8hetGijwZ_zKdoGi_wsIhxf5t6-Sn56tJ9u3hdikcl-t9kY-qursCbECPoEMvQuZVPEKprhtX2WqQBRhPUarl5ZTmM123oP_wvhuIs2aUPjp00qYCNBc9oBnkGqGvRR_6jzxHGL7JkqoONblfuzV8lqGf3l8T8EuyYXlIixxnXT=w1165-h961,,,"stable_diffusion,relationship",2020/01/12
relationship_13,,relationship,1,"colleague,ba,vmo,thu_nga",https://lh3.googleusercontent.com/fife/AGXqzDny6Ih2O_mQG-q2im-16ALqqnEBkBe2lqJnXKVGdYNaMgTZs0A0TJXzdPYuOexf-98rPVc9jxB5y3EB_tre6IfFoeCEb06VwMr02NLlH7ystQQpm8VDoPco4a9dfzbqpv24VG8bZAK-0YfBiuVzeW_X5yBmZko65FTxZ1Phc6Hj-8TvqB74tyVJL2TjpKEmmAsl1rhFOZzcz4dhBYldN-zlhZFdQRztFGIujPVYKHwG6c3g-yu1ItHVp-RqEQPVXWvRB03ICW8xke1_f6qKeLk4B1ULhD7lrjwOoDeIQVjrcXD-tW70_9o56DYNnvyAMcZimFhWbgL1XlwFj5uOQdlgDJ891XERQ0tPZjuNWfy1WmWYLPnbr7WSCASXFz6VyFQLq6mns6fk1nnyaV01WLGvr4PqazJjqjAr89MK6D39j_jkEEndM9Apxb-ymcTpOLUX8y2cUki0OQP3uB67rojdfDq8OPqk3OskcRnssMpzbQI-GXSYFO9oe9D4bHPmXlFDrjx5r5v0xHDYvbckVYdqgN_Bs1EV83v9jcCj_jo4z1SmLFbJ9L_3g2zozPTPEgdJMd9LwZvJtXP4kfQ3ZpMZ2RKJNxna8O5NODXfnOikAKCYidfTUaYhTu1d61-5cB1v-Bf0REwtrnwbej1I2WBriLVjaxl8k2v2Lq0T_Ud9E8fFbC6-4v6lfCd_GvJrQMkUuV5Qa8e_tIsEbVSr7iPaNIQ9RHb3pp_i22UtfZeTXRotszYSJegqs21JeGkhYUw4kM30dOwsbSlOw04fCL0Ewg6Cx_B2ku-X2GI1zqJbU5e2BgpBU5-dz0i8rBhb2nXE7MOyfFSCUpzTPPVXsGQC-VEF2FYZhmy-IkFgPvlbEKfikTfNNfjvH1El_DMqvA4POe2t0bjJl2Co_k5oytttCCMpE578TpYoGDIfYBiKdmCi42hU-ASq0bQMcPeySVToi5Q6-d_k_np1cSpmkALlB0wsf8KNST6VCYMkvGrCWvpj0ioxTDDH8gvCveZ3rBqOaYq5cv0avXpU26L39hV5RfEZ__wu7hxrpP4_is0I0Ww7Ax32-V38jsOr-nnfyNiumLHBTjU16Oz2TOf5hJ5hSIqQHIlq9r9kxDr9nxtFZ8cUM-nmmqV7iFBEpmaxMDakqA2v7IsKGtshg2-iW7kUNnOdu4-4Imbty3-jgNfFDf9sMDFuutZmPqCYidxxdYYJuR2i6irfPHm_A4zx5jdDBFPUoGT_wohz6MzohRs8zsuVhcjpcjh9uhPa_SnkUCnr-s3skMMdI_yD8CRCROAzGz71lZFOS8iN8gHrHC7VmTa9D8A-GpHwVfeJCILN3NGHG5aXrKFXAiyW3qj2IrThDOY1w4azSfof_7a3otlhkZgkEpLLiPK8mSPMcm9yuwafASPFX9JcERoNLeYZOZNOKS4KxX52Xq5iWezpXHhrzQCyS3DIsFIvIsAVE1TvQOVytVQ0biWm9KCxfhqpMySytLX_FscmJg6muPzl7lBDmWN9qhoA2s2q-Uf_-u1IcHlydwSAYD7fetGjg4JUaaU0OD8p=w1165-h961,,,"stable_diffusion,relationship",2020/01/13
relationship_14,,relationship,1,"colleague,ba,vmo,thu_nga",https://lh3.googleusercontent.com/fife/AGXqzDmM2L4TwzAcxSV4H1UPSecoL9Psk1tIVPTvJ60-BilRABpNjKA-zvgALeiBEz4kmUV5FhvgF7Rrf2X6WEpLOtZtOPjYJAj0-DgV23-7EuvymOzlw7JOnvA9hmgqm0NE5wc4GhOM_RZG6h7YC2o8hm96gFaFi7hkvcM0NpJj6wRFy9tCu3CNruEwUbE9xdbxYJm4eyM12wkSRXa4K-KDGAc7MiK-SKEeZBbx_2ZH9GY29QXdar6OoL3GF7hpQwvPGeN341HkkXIDnhgZOVjybSps6Fw0JSMOEfUIN_dIHafcejwCp2sNh0buj1j-f4dUu_7YV4I9jm1WUrg4K8pTh9w_c84HCWhxcsk65S9PgNG85a5KEhpeSogdM8u2nWOZY4LqND6Q_IMVn5XYR29pn_SC8_le1mMWjMTY5D6PDsQw9NSA6vg_URZXK_ZhRwEus0Rt1dCPeEJ19aRSjM8cuJBIQJB4J9tEPmrI40o4K4CG_xG5skaSWuVF6MenJ2Se9OMilsvw90NAOPz802Sqn8vBwR-x6UmRmc2DsOfze9LPz5X7eNlfBKNnMsa-jmNg0wN9FvU2A34Ow6g0Vp0BU6a8C07HH745X2YygNydZGF6nREdK1TCQwVC7V6lcY84Lr6nrkTSiPV-61kQytj8gFR-fsopg4JV2vAGgoNq9X_DHrIQcGOHitMahSJKAMct1B3dd8jaD-KEaC0ccdBjekrzj5Qk7mLdiGvAjVyQTfWI3k-14lTCCyke6B-K_uI3QTpw1ClaXOL8WyXujbrZoGLTsEigSke58NcPBp5ABigKA8-mUVnY-EZnkcPTlbavI-PmAZtMGVldBaB0zUArCMnr9Ke6_aJNM-HJ_7DmQ99tsyS8Uq17o678TVR9GobEL_gMHkWdyxbw55gfDFexN6uKHG59mETsIn57RJ1QYH0EGwSHypEUGuTBEvexhgdNU_AAXdTncbjffoWEq26k-v7Qv9Vq_3o10USi1tkLvA3XfV0gzi_i_5MpFoGo5PN61B1mfsHPRZjVbt98Ls6LQcqMQI4iXqSVX7Ee5n-M6fhTVeMLP99WBdoSiOtBGzkU0AvN6VZV8oq5GtHZTxFT7yWecfJ3TC1IJ7_jCeFdmDv4wWZKggGe6WVO7KyMOs9dkB4SU7IcrNrOZnv4-chmuQERoGHaxHILEPaOFC2QXvFI6wrjiweS74ysALYOicTT2tdztTRtJO4LqkGRt00VcRyYiOXjD9oCs-RLDxePn8PsG6r74DwbnUxIampX7wXtbvGQTV83OouvWL5-dQzae97xDBOttPYWmne-vkbdS9km0Ey2y-_OKozBZcsW3C37HTWHTeNLfWOSZIup-LL2PfS99MS97XvPgjqujfhF5hKJsZ9KaNzxg_uIy2h_ecDx7a2p73O2cT4VvguVhkrb0Oq5Qtsd5k8bENDgNafMrvggyiqs7omlYdGTQQ2eE5XU1GJLmHqug-na8YJYVPKzKb6_08B-fMFq3ZzV0R7PntYaU-BlvoYi2PiI8grU3jJgvqmcx9iEwznZfkulZFypt_XORdNc=w1165-h961,,,"stable_diffusion,relationship",2020/01/14
relationship_15,,relationship,1,"colleague,ba,vmo,thu_nga",https://lh3.googleusercontent.com/fife/AGXqzDn3pvg-FKB9H0SvOGAKO2PToEvOVLQHPVuZfEaH76-ekiI2YeSEQEAoUEvF7ZIcFaPVrcpP-bcJraYnG6MMg3DwnM1Q43iXGbPDeptFGUSKwQDUuCRMYXAHJ1T9YhEnD_P5Rc2E7CqpuUou-L5wHSlIQAkufqBUV75E7LY620ZqgFEH_io-FLwmfIhNgsd99riZlNYmq_KUsH_BXEsJ3044ER4X8ENBM583i7N5-MyGDMJTeyoaq2MT-hjzBRORMxCSvc3ncTEb9yYxCp7_CnyGIX3XDHjVeG8NrkbQg_sQfBkyXR5g2JzMpG1jBI_PuBYDBa82PRV0h6rb6lUZxqNhlOgtDuQ1Y7Q7Db4GeHYZBS1erc8lWnztqzhKUMTrUT4Ckzx0eLF4_3FNqyQlLKOfr5KcdyDrppi107GvpeAAKbpXms_vGzarCx-9_fo8D7IYWHDj3VvV-78LQXeJTgzMK7tG1E4uLdD7MLP3sV-LCpIrFbZUNT2hGYfnLHHuVNbohcDmbHGvuECxE5lll-wwEl9xw_PsCkPhH041cCnaD_wg7AOflvNq_hKl8grct-Vj-tCzJUHKdKR2IDbS4J2mCUEM8BVwy5gmH8JZRoLdrduZH6Xr_fV6o55H32TeAL8l-cvgYg_4n1ulaGxCXfQ7Nlo4pJ9IS3TDqCUFeWX_Eb265HsWSQxMabsCvzvt9JF4-bqPJpm9unyJ-3VPg4nPkbG0nu-0uM7eWSTc5ypm0tNL3pwhcZFGpsXH8nl75gkzlLlH0w4yFZkYVPppLVSPpybcr1-k7SyN3znZ7ICpzEre2eulZvM3S7_wDcpm8fIRDl-jO1xn9KC1LB5P991jLVaaNX5qjKrI21fpLJpThaEheuYiXYJblTkk5NVME13L7XszRdpRBErhy6NfzxNwo0njzQzyDTFsRj4zWZ92OQonsrGz9Vtg1GKbHs5Jt_jetEEeEBk_pJ-JbKqtANC_ETG9-urYiSV8vjGiDTNN88RYyIeENyPmb44AWOGECN3W5aSvzN8w8yfwZyewD1coKsJUmknqsxRCl62Jp-3ux_kuIiALmfooL8GuHzNa1S6zoyyGrWW_ezPI4-mRu-sQQ0_z4Iht_4w91w94RKSMl9xoBW_MTSvyPpyDfcbCsxSKdtBEJEX-5uVKP98icfjCZ5l5ywHhiujtMgD5ai4DC5UHNTJrNyP2qlv-V_vtNgCgULzVyiih94I5zfCTxtz_KS10yehckmbkKyHFu_h9Rw2SNODbBio5rZCpZY7uHdAF_xXO1Nv6TxJpobJGG6QNlkAvza0N3nN0e31cjyMLBw41kJzk9a61UQ9jpPs2-JeQ6fG2brqbD20q0z4cczwbuRW8OaPfBaCXoXhzW3MmpW9hdDSbpffiKgrkbeMoAmoJhaLjAxXHJOrAw1O-HBFzNfHn8V_hnh5OHJm4USwaUDmWWmy9KX0Ceh9MZLSSkn8zpKlKOqQ3df-nkPeOGVodGRniuKJQmyORfGcJp846Hwew1ylX3EFanovfCabfDhAJ5I1-EX38WUcBqsFDV-JGoqbq=w1165-h961,,,"stable_diffusion,relationship",2020/01/15
relationship_16,,relationship,1,"colleague,ba,vmo,thu_nga",https://lh3.googleusercontent.com/fife/AGXqzDnGAguDSfjxr01nQKc5yi4N-nFcbjZCCeC93burhCQ49w5S9_T5SA1vr8bWgOhkHOYAsDGLxfiFc0xHDcfc25AzuaJksqXkCfBfnhIxPWP6W81hUqf4V0BAaVC_-oX7emfMJsa53f1IgXMDUar7uSin5XXgzNz0z1HDX0-nlokG5JeiB-57drH9oJSQ5jJ2xcgU9qKqXKOVO7V3Hl8YTMI74y6x8Pdarr_wCFvbALMjBSjkX0-GtHk43Gv7zN6nYEobUZ__W_2rmU3_lnFtIScGwuVCfTjCTR95fVBMgWrU9R6roevJ5oabqv-xdJ81JMtfbsM8VhqN2nkV-RIGjn2e8XDRN8bK_Iey-uANv3xLf1heNo2xrTKjdy-MqaZ9OlJNwCNMT13gSaUB7oIR3nWmPLl9jPgRulBtQGvgad6TFkJOo9lCdYzTkAnLfZroA7tt_1JXNKwTbTCj7YqnOuvZvG8jxYthTcvwwlu9sc2xNyLbyNEylkP6-If0tu7rRQKltjZxly3B2WrgGRa6zaeu5WTmBKN10P_LRWd_3chswBwUyu_aS2wj1fF2SECNZ97qsFF5DiToiYuOH5JEzCjcDRE4e3nhFRh5q_m8Zhka_JbHfw4ELyu4SBljzHJSEIbn9S3-whwIXw0awlaenwb2P1W-epKNcVJ2Dq4wP-XMgLN8CP9R9KEg0jM623xzmQmSC8hNmdMUUqBw1UU4fo2yeoWaYI4qWR9N_xmTclsnrJQ64U35eS0OUuJCPQ7NtkOM7yC13d7c1DTLHkDrF3W7CRuH8vG56lIZBvDF5Kl0T_DbgcPFgJAvtPTbHsHvVgrld_Efo5w5Yxd_NlF79T-Ej3ua6HYtRfJWkzbEiCao7foH8iw2Hd6KIPNkp_9rI7qYIYsrFm4RgDS3oAffahJETjVkRqTzU3kfTKj2ruea0Sv5WMeZyyJS49OlFcH3hjk7R3hWoCucNTsRMiUqPtRcp2ODbijSd7sFE9-kgVYYg1vrqDOImadn58DGRdXt97VyuRz2i1RyyrKYtYS7A95KTLnloLdJlDc3SrKHDSHWzurTIibUHgF8CgPgLYIuvstm2Oc9Q9dvewVLwYGXs3X35Lrbgdgru5Y0DJyfn2iPopYesh9Gsjtwcif1EgIxDTEibxoC41Xbse6hEeGRi0hIk2N1iBALEvssdGjaCT6G_MqzX072JRIRBzHbv9-wUKtcqoCiyOTIRkoXgIaHl7-pI5OG7qFrzSEQZwI1Hj-XxSeQboPvMQtuDgP6iuDPganHVcwDzYrom3Osv5fGj3K21DLIk--u8xXExhs-s-z7MTgR9UIpVbbjl1s80IFB97jtTP0wTKxmoAf_af_X0hRvaJpbQYbYifLzOxkM4y1yP2Sq2XoaPCWi9v3TZjsjYo8-3doCNNcQX0lz0WdnJ-C8aaMSq3xLDBmPow3tcb1LkW4xJAtSbvHxR3To9Di9etVbbVBrYFNO79KAHwtcORj7cbTZLLEvm1eoLo9zSfcIVlD-_TEGc_7qgHwlmJkQZiqYze4AmoqYCtheOI9NCj7wnlhL=w1165-h961,,,"stable_diffusion,relationship",2020/01/16
relationship_17,,relationship,1,"colleague,ba,vmo,thu_nga",https://lh3.googleusercontent.com/fife/AGXqzDkws2pWsKb96qS0plL80w28BpHSMXdEWtGg-o7CkB6CyioYh1hyfxw4G0dKWwoYeAM_5w91QVul-5n5m5HeppdjdaCVvUM60sGe_ZKodqVsbWOygewta5DUPUpXB36xOBT4FRFS_Ja-TP4HLwc4dvnCRrCe5hTSPJnSEgDbKcA435JqGr57eKoNM2EeVfplvSLHXXI7x44NFyAVLF3STotybYNG4ByKWxqULAFHjnAoKOqg0UfQdQVSDjx3vhePbbrY6Rsxww-Zr0PDLbWhzWtxT8s_1eOkfWUAGXaN0gFSzDkKrPcgJX5B3lv2Qm6E41HmrLhyhxkb_INUkIIMi5rWjptllQbRMW6Quv8-zN9mX6wEAg2ZLgII_xzzzXeYoxZgoU1sCfg8Fnt4OmIKcIlMNxyhFNXm7vCHipvVbbX-336dXeupGBcB-Yl157zg5GxpDEBES_vb_c4xXFpKjDBRbYo6gah1Tat559zSf0sl-5UJbbecVpoa4T7EvKmwI6szHOTll_FDnQZxJiQVfyilMGJYa2d_VWNBGiiwi_CoBxtyAixcuO3-NdljqyZnquhOJv3GVRGvz57fm3Ap3UeKl3jVLj3j4YcMlNfpDfeDrmBF5CSQsMYXnAQYUhSYbVrizB4ydmQ5cL1xzmBgaTTUAmmKgMcAhD46UW6VHfk0Ex7ToRHpJfm-FIRkBorQXT58Hio9YAzXYIB-hrvqOPZOS_XiJI7rTdOmDcpGmMV1HmGvHYx9DBVV83Jp12LzMKNjtk3WX4SoWI4YcSgHwUTvTY5H-nNl2fqJS0BmPs9w4n4RdBeOKWqc1E-ARSyJgKi6Kvi_3K-TlBjsJ-oSzCCnVMWVf-eynmMknwFdAXHBocT2DJVTIC0SGch3-aH853Ax_2qAlogfvAUZqCLycIeu_6M6QcA3touTGAuPAV1wB_OASa9T6JswCbyCeE3w8-HoluMfzzDThq7S3HRigHwJRXj1pIj9tBO_kH7AVf5w4cZsVjom_9jAe6QAay9GMIamfANeekdmOnxz3qcDf5k39cPZvIO-R7Uhr5Mn-7rYpStTAXHvuKoa9ZqnJu4ICvFPIsIe8guMMOFddgygD4mg7homt0oqMxrERQMWjFftoxRkhGRjVaIDG1I5H9iJbd8LLrJbWwjsx_r5AMQZnHuMNGUz6mNBJ9RNHTdgc1yQsBe-80QTrXMbjDzTTkvzC_0pVBR4UpkuAMbeVPFFE9zYV72NSO2TacJlKjkKnuXSKDPzuJSrLQ3jommKf34c-Ji6nJu0MFWdChEQ--I94hHnId09u_LgjVk4h2q6dnxqib6FSwoXZBTZ1-ETxlL5bShnf6dEhk9BLCWQYYBfg6PvGzLEXy14b9s5OE9pmz9289qG_9KGzFoTuCJYkpRCaYg9vpZ0tg8K4pXfjGdrt0TBODl3wvg38LgSGuKKCPyq4C5HrqmsUgAR2_SFevFW9ySOjBdnv0vbhS5-ritcWZ1zkZWnlI2ftYkJYgB_9mtbjHOKIybRnSQN0PCnRZGN_7n208Q6jn8v2kC4197ytlYfaMra=w1165-h961,,,"stable_diffusion,relationship",2020/01/17
relationship_18,,relationship,1,"colleague,ba,vmo,thu_nga",https://lh3.googleusercontent.com/fife/AGXqzDmWgds0aVUaTa8V1ZK6fiBbmMNiC20QU-Mcw76SgQL9FHZMtDGVWS-5wERr99YTEauyqKP3F6zPKHixPdw9tCBPdIGST-hEoVt8Hf0UrKzjxCTSq7ikOQLnL1UFZrSbIe19K32WkCqnXXpAly0KFUXph0IUUIgNV26C5oPRzEVe3tpuXgAs-0vAhEja8bvZrYoT4br04HGNQMSXGBsKtnNdEne3qLM7PSSiswDTFmeqTvaJW77uRMG09LN9dRHmKFf9X5ir3XY8E7guzTcoGGb9YwcWkC4U3GslXrXQIYhZGQiSBg8nbHeTUWiXArXSreotS1hnIjwaWJ8bGICutGu0dqvwKySqhFFtluFrUNgDh0UhJqmtLKzXr3O94lt-5MepVN82_Gw5IujODLDyErYVdlSn6luZ8EIxhzft7buphTkS4Yox0EmwiaWoUKQ_BOpmea_R1XXVR3o7DpYVixftiactolL5Mu3qa0ejJvWs55oMWwUoNRb07X4VY46VVMIBVFLHXns02k7i9kCx2xhSfYevx5pB7wjM7l7LEOzBVWVw1nbD6-plp2bosRHuIwkSLoXIY4X67-MMX3Sdjq7qq5bftAYW_gxGZwkAn7jSi9DAkWQNGIlqm5321bzn7KmiZJ8VjLSCjocRBSI-WLyKGEetDL0sfYHjHwFls09EGioSEUdue-B92fmT6SxTh7g9qY9VwVR61RT-VnWaKUv2U-DDOGiEvZxIa7qPP8YbReLgOx-QDZpu3JzTmHavx_lWfXc3XaDwIm8tt5hVq-MYwc-0lVyhdV0yBm8vmgE-IZLCAzGLHIyNhKFZRvGJFhdRSF4I1IKSygsiOQBrxYtdAu0bw9Pi6od0O11EAG_j-xSHm1NUpGCDPVH3Bj4tMrr7Td6U9oJiRympNqwUnu2n--G2TW12-szQ9VOuPMxRe7Hlu2o6_XwyDCINEJXt7dYe8XbxyV09E2PK-Pj-ZYNOcXd5TGFNBpkHl-NsS_UmSq9lc-YdH-9V7m1A3-zVGmA69Odvy4WYfXa-GiWjA6ZqJmMN0Ufaec6Ww8KgdCN39euOAAj5pWoY_f6I3CDmXJNCU7sbJj3WcnKFI-sONNxgnsHyy1M3xY3jI-EGzuSEfJkAsXnbq4a1F53va93pOhra5O5UuimS3PeMTDy9I1zQITew6ciLf8K6CNM5jm_B4Fo9DrTI2YwcI91k38DYq9ntGyB5m3MjFfUA_fNMUHvYl6-vz0D10nPY5NS87TpGxLW0vBrfRygqmLNFDvF1FjwjlqTRHWmUcssoC-IF-NOvVB9XJ9b4ONpz7DURTuCFUtVSL8rGaiTs12O5FRvdAnXdMBNpZCtKJx5_OkwuFq9y7uXtZhjQahaBMF8CyBrl2XMQ_HBfE9rNi-j-9sElrV-tv9g98Bc2nlA6jSsLee6i9FULcI_Ygn20w3PlRXIubMod1r3yL4dcZ_zQUo5WSfohiJNQlwSDdx05NlPXUxkh-7mkWM5hlo1ofYWgevlg77ygOL8qwXu7I8_0axXYyOE_Wr978iNtw8NCUGYuZqnMWiUS=w1165-h961,,,"stable_diffusion,relationship",2020/01/18
relationship_19,,relationship,1,"colleague,ba,vmo,thu_nga",https://lh3.googleusercontent.com/fife/AGXqzDng--6jPUJocZrVKYz22KquqBdZXQcX0kbkZ0gnHbADbjnVCatkhVjaVtPQhfTNlC688ezQdxbOd-L6p_a6yr80LTtlgm0CTzk2mAJ38e1jNYtw_PV66K5GPW--hpSzZlqhDYj7wa2Qsl_QyAJ4zcxnzhACZaRO3fE_M_Qic-HLc9M0MAruxYvDMVXmVD_nkd1IjRMqziNH_DR0noufiePmR6egcES-jNuSczxjQ-WAOcTd3StYJw01VxKN99AMcot5E6WPbQySzGIeFQpVmN8xMXLjROEU7LWjQWBhYh92ULVanb6Pk2StnKLW9Vmdo-Fmk5hTQWm1q_s8i1xLswMnFoQwKdvFdeIMU-KsYna6WTwCVpHubZ2sAYiX0OAAvP63HWUA4dJSh3DsZGheH05J67mkePKAu4FHx2EsQ42fEkt5IQMWoDmJeNgYAMUBsjyPuAIikvlcRWlLm8QfIqJ4T-cLNUMaJAa8GMJxAu94eftUqMot7Inaf2BiD8-_x24bgH1PlqvCvUjxRYme-Pz1cMaisiUkAdWeZAA_SZBb3lrpZlzUFqllqYF2sQdMehtAkKu1qvuaShhK7SHM37uw5u4h8KU3v9ojZftIs4vs6p8bsK_2GUzqKkj_tSBM6_7p6jJoRblqwZmQpCXSuf0-Wv5YGYMjB2D5O0SYM4jXC7sxB2cF56HwP9SxGCuIcUH7XPGhxNYJi02N2eZi_L3ZG4ZEHmimqJryAVsP_GdAjbbaAJKi8ump3lw6dFRydPXrNSkWW_bL1rBkBfEon5UWTVw1bozmNDqrVM6n4HBZlq6Xopm2bE3siJhfVat3ISr8w-pueEz2uhqUaGGDrPJorHD32We9dKTqIVRnXrwJoIHwdzS6P6orCa1EbgSCIdoNZpTEiCriWfk_jufoYjcvt9UuzjKvYpdLNkTkf8gl9djWI8ZsGiTwZKLQUMN_pgvKFPVwx7WGkBmpwjTEQqnWWy6ukEL2lEoCcMdvpAvu_UjwoeiGxNGIzBh0o3rSrbjDoezqZSKJIUNLfohd0OkQFTIXogJQpeXICnDiZSk25NFZdhYLI8MmxHb3oX_XTIIaQ9WZFuAJkVnq6DbC5BVnmhvEFfvRgBdxmcgiIBXWBt--La067QCDJzJm3uhWjSdBj2BqokuNgRVD6gvGpJ4N-5xo4v5RmvgvG4NNWupPEZk7I95YKOtkLCuulOGs0pMmx9zqAxabFoaUUpYSuS58HY41RlmLlxmB-Rwmrmbq_ErjEuPY-xAA-oBLey6R8Pu-QxZ3Cap0uvcTbIEQtndvcE2qJAn3zKCdEOn-VAMfW-HF_iunr1ay4cBButG-JNt89nWbxDdAZDpmCexabL_amJd4wQRgCEmsOrkY5-LKWWoVBMR5o9-eFRT7pDSaGX8VHVN-DXQnBIedNnS8qJiWn1vpK07rDzqzj8J7UF3pqYaH9Wdg42uk3Za7X2T3u35EbMNjO68vEzGNP34w03OsbkHTihTurf69mCkOBJjhExOouH5s-uIA2J6AvNPeL-qk-uB_TneqSwW4cH1QNCGlSQV2=w1165-h961,,,"stable_diffusion,relationship",2020/01/19
relationship_20,,relationship,1,"colleague,ba,vmo,thu_nga",https://lh3.googleusercontent.com/fife/AGXqzDncCHT1uzyiq-6ueJJ1xbc19XXIB5d1wY11yFyFhBbvYGkJnCBo5GbIw6048DfytcKSPowItnHUULKoUjEQJ4mQgn-oVWHBu1UABiq7TejqkV9irV6_f8S-29aaMG-HUGmylafeqTa1BwX6NB9PTC1kvcDMHYDPfnrn7JxBru3ekoCwz8Jiy7eSRHvL9Lmt3tjih46ZDv0oE3YWlf7vMbfvdkFE4aY07-0eGpRlCckDyV59rtmye2FLECWsbGTmdBAZ-t9exbiLyM4QO-q4v9aAUpFOtcEhuoRxSW0gS3oUgt7GJFfx0prK1VydpvSFYgCIDYZ6G8N5JSiIVATZDFfVDZEzCuWrsjlXaB1gU5lXt1tyBJ4zAqdO-WRgnq4C6GECIJxxb2RGQ5vmvA5X8qKIC_-kiZrSfnAR2OXTpSQwe3RRtCKtoPd8G9zQbN2J6haKmNX54No2MlW5N4pyV804z1dAyVPDxrYBnsffIe3Nnajm6KVOvdVAbeTlPcafn8wDo6KxQ_WVl5uwFSFVGb3VQ0MwaicXRVMX_dbqFg6QpQimmQKYbJj432_wR9UBkKb_k52LgZnprutweBgPegNmacU9RUrrjO6ERpk23npFftVoGB2zxa6jbFlrI-2Rc6aPCKQvJPvsvuyPQo1hppC8U6ukbGLv5MUwkoaga45txYuBmb7-wLk-h3RlN4zNWxB0wRtk0PrSj66y5UW3jddshUvhMiKBhRJY-xF2ox1vHSnFLbKaedPNEd99PmnRRgFA3shfACZUCtwQA-qWlxlNtuvb7bgWRwMeC4YnDkQSjTTWQJmSiX_Iau6fWlJ53ASjW99Hbm9BIRatmRjCQV-wEq6Ll7e3KzUAVkbmeOOMyviP9iAQQlZ6L2pTXmahl4VWhxFlmRT1B8nl-C8mDzwUE_7-GwD6HRtIz_8_E5-I-HB_lPoGP98b9DMXC5PstHAVV-uKieryFwWLK3aEBp28yMNQ952uq2DGW1dXJFULDlHMKxgO5JsgKsZlatv45L3fvhkY8ee5WGAbj5uKK_yWeH4Ls8-WziWHXM6wEKUUnRL8qSC6l-baAvfv1f_1XE4KS9XxY6KM_AUx-BQPhveBXcLm1N015ovSARoTXp-nvMrZBxPBlXrQGyadFrIkav3djoSaTBpzT3jkpxVfWHwh0aDWgUPYzk1OEdFWh--Wi1Kq2QAXCD9_SvYVunCxYall5fDdB4oeJ-Q5tWwnmgrVeta0vrp_-0nmmvR_I3cyZixGM-GbxgMl2fA0ccZw5lejeam7MyuLSmHdkshk6s9-D6JmVIvVD_gZOzfNMpjU-bqGQGKaUtQmkDkOvc61rA8t3TOH6qmk7mwFMsCv8t8EUReOWYdAktodGM4sHRicRZ-bbVbdHP7yFVRRYnSOskK0xx7bDfmZWsW6kyu677DHXhW1j2tBs5dl4-gwHJsqkk9ABmzUBBDbrJTOl5ZmzqFqA_nkM5J5B0gapTEPFvv7cO2ZTq5ElVLvCwzrfgwCih7w1LKz_0aNtguLrtGHR7bMqbBKtBws4b0Tu7O9JTmDXubZ=w1920-h955,,,"stable_diffusion,relationship",2020/01/20
relationship_21,,relationship,1,"colleague,ba,vmo,thu_nga",https://lh3.googleusercontent.com/fife/AGXqzDlpTcBIE7_4_6YxFOQw6Fs8LeTGFxmB1TtjCitAQq9IS6DwzKt4gWTmYLWUAZi-LctqgLwVi-7uqp_l7PkXtAR7CVdj-z-MxdaC4M98hwqULZGSjMWLxIX-KHhVhdp-orcewPo8Q4rI_5xomkdTx2IkmACS-rgqXFIa68j-2uRE1WmZXYkzPHndWsuTGdlnYfhpqhIgdjFQiWWgzl8J33Df3zZMoQlBPGUJboA6nodquEodsy_3vGpTng5UVbqTwOPBb0BirVgVJYSZcKEcSZ6E0eC-ubCL9-02TUFqdyUQrK73H9JHjIub8sHpMM54Lqo8Bm7tCKZjyhWLIM4P77sRObmowfST_xFdoN-M9oWlMmK58Afw-qZMnEPe6SoNG2W5djVr71cEZtmXodNv-sPMJgIn2cHHdwO4nlKjX8gEWTtZuel5hWItdFvePm7uK1lJjdepPrafQmnDhBoCdiNsM8TznHiiJyWxqrbZMR8LUphQZSFO6vLux_1Kz_cxN5f97ePliRbUmY3UNVDV88fXERwcfsEpEPRwfv04Myfl0a9RXEnRBEBxSxfUqYFcWN6DA3iHUUWn6GwyXs-BgU46ZqiHx13t_uu9bkYSXoc3g-WOfU5TADPAe4-Pg9CmzNkyQbMsncuwDpgIg6AF8FDgMSrk0Z6lLhBVh93mQl5xWqBZZSNXSyC-yvaXkNfNLRmaJlM68-PIaz4UsJyhRcPvzsjUlFBAKn5NatCBSDqPpJOxZ3tfdyEhundNDg_cnqL2uqyI6W_PZdqD1DX24cgWxZt2s1EilAeqkdxGN-PBRvzu2C7PMqWoStR_CIBqxwz9MMxF3orqfTvu59jcdFUv3s2j-CcHu3OTxJekCxImJWhPCWRWRF0TwxmxjoF3qAz58O-N4p31XHMJavB5OLZooqdpAwIgHvIRy_AHez8dgv3rfOy2Om3IO6_ANhDRbeBXYOnxggdPd22sAM3RCv1mZRCPq8KTtbaz-PvHLIxw68NkEflJcgpVzqFqEMGv8V25scYO8fG6LQ3fr318o7C1LxvpmYPvGA9cAoq3NswHQfb92MfMQ1iw4qIEW6AJQgR5OFo6COVVRpPWJQhEbtS_WXDSQIiNTq9KTBjDEILDd03BVfbI_SyqvcKD6hXrsyGQeSF21j4eudSrrDADmQg4GObapuiQnJYhimwtEiUT5b-o56M0cXpSydLrmUydPvbedZh4ySr739bf5cTg2e_N7LCWK9wWWdkKYISjaqWshM2xJlLMtuhTZanu7boNHUhiU8ymj996SrDJUXB_Vn11-npvE7NGslr0tt5W1QBe2RSEp7S9Cmqf5Z3cDHyLknrSB397fsO4daCDxp9Ghdvw6QxOOvMrJxwQ_U4MvPBXiSeOyw-xE9XMpnRmTqSuaq4mJqN-v9DSpVSKV3NhHNDWvSm10q7IrFVbw1FFAWL_Hfmg-lC55Elmd-SVk00pWnwfWD4b-mL7QCFcvpI87EF3r4ZYmXOvhPr3UTSSRclBKjbxiAeP9GfTquEm2Y9g6ktMqJfA3otBY3lJL0TEeSzUPMUQ=w1365-h955,,,"stable_diffusion,relationship",2020/01/21
relationship_22,,relationship,1,"colleague,ba,vmo,thu_nga",https://lh3.googleusercontent.com/fife/AGXqzDkIYVOy4YZrSHZBDVy50vjWh2Ip__YktUsRJ98YwgGQArXnjjfpogTTzvYsxQcFhT0NYGHwbHPrkSztsawZ-Ua4dheG_o0WnhHjvFWTWvE39LSfX612pIQRTh1d3M7OSveSMCZzZri_6jel_QR-O01WKXJIIQ61fy3XtP26GC72lui0u_tsagYdPufu9b_ihMRMsOyti4CRtvyj_OnI1UXqtJBV0vKNn_Faz13SmnSwXMuNeaaO0xHFmwteIqV48XKfiBrqB9LCZF885NmlVDt_SvjJK9jdDpOj1tZHVjb6b-hRu_01dkYZRWn9Nt-3dIOB_o4ArhC9_3vCubL70p9eATQL9dtL7mB0z8sOUCW5Zwv58ZQ7x-gBxsOht1wFskxM6Rft5qEHjKJNMvcc7T7xLAmGE_o-qwahCj_dpuSDK0dC0qr_Le_q2y4evu5QszdpS5HgUmX7OA-rVJcqI9srRhSVBj2hnTnGNxcon58u4WX2FuHe7nR6Z7GuAQtFr0Hs6UKqy-YMYRRM7IVoyzKhUsksIKE81n5z9DURRhPAzUyloIxi6Yhc09BTIf5ZJcKSFoPxM1_dvN3IO8jAe1wO1rzgw4SQSL6OCvFoVqQUVwzvJaVe7fqrud8fQOWiYGUKhOI1UH7pJlxkeij4dBt1Aq-5Ph5h62huDXVcpHRZfW84dLmc2zDKuzc9VBsM9hHe64gYNd3wkkntQjrVwkRgpFbOhtoPZHZbhDT8jbTzGS--pNpO0ES_RBnX7CtfYKN5pGqUAxwDmhT6h_AEPLoQ6zmZFSbEXGWSGdxiIhrMPojDTbaAzSOgwelQcbUKAT3xyIKrqp0diYOqTqAkoiXBl1mS14f3CFY1xfPhZyPgY5nRKfpKUtyit8ylnOu75Itd-vuYE2OAjheP3bQbaWkMtSbmIBJ_krOOMJQ1n9ijpw1i5aIQIbhnz08ciSUQpaXmYU-TVLGST2y27jGzDeFZSBq0wrcizyBYIzoj1h0PK7t_z3RSqsHqrI8qeaHr4Zo98wrqQMBsEBRhd6PnuRgDQCxCeIR2wpY0FVbx4bzLVYkHL3wc7nVLHWmjsqirQMex9W6AjErS-RIjUDGdgDTGhJFuQc7fOSGTCB1MMahFqMkGMjATvfIUgUDQaerSjk8Q9pkENnc3xKeZyaoFv1zl7P-zxe51OCxSyQb0Xf0DyiHk-Ui2QX7DzPSl0fa1eGyJluPB92ifGRtz7idyDZubWh_0CbnJLjwSZ41qeNME7_uN5iMWTK9p6ehsxQqbRdkTQdfVYiXAbLelSOxOIrsR6eHGhtzROHFnzS6QMcXAXi2nBUSzjSJFI4oll7ZQ0ztcXJ0fwnjDFxU9hoQel1bDNutVFujS8CtX_ZGSs42QQ4DYjz_pHdxUUfKrdMDxrgD_3NyR8gzK9plK1-P6HTtA2TL5VJFL50yGre-BjBrAe2y8BqofUDRHL-TF6TWbpyBMB6AV101S1POQbJFjUoprB0qCsgIcvbKvuGDRVTtE9GYQvOuBjl1pAVUCFZ6y0tlgay_aNlnyEeZX8wLY5ptheg6O=w1365-h955,,,"stable_diffusion,relationship",2020/01/22
relationship_23,,relationship,1,"colleague,admin,luvina,hieu",https://lh3.googleusercontent.com/fife/AGXqzDnmlga0DNCmLpByvp1CL8q5iwtasnLXbdw0zmjazraIyQSq_RJMYLAbSGYfV3iUGDmpBmQCCwcyq51_-o82ki3hSVJULYK0rCsLGrIgjpRkG4eE33AzV8ONkECxHHLqNygQmaZ9eVrjaoNlDkajK33Ba3dMirwuwfvOWRytYOJHMZMc_yHlWLqir-iO0yr09csSPWlc9rDbItN1gYysmlF8YHMcFGV_QU4z1p1L5oJhrm1pUJTyhGgAEEYgZWInqZ8muevoLRA3jXA-AGHoH8xKbIJH0wyhCngDW3l1WTX9_G66ige7MlcfAEiaDIDMtu7gQHn9TBfar1F6PVELxgaT4T2-3Z_Kq6O8HOI8evQ_XP1QcjLSwMtuc29J20bT6P232uNHzfi8J8KghemY2mn_o1aoimvXcIPqToTu1LnjOHE7GiqR0h80fqvCb5qNNPnlYyDNeUNxrAPpJ0YpX98bFonRWZOss6j5VMa8rnugrm71T6ZgBglpCSdSAJnoiGUsz1ts9CnxWoofGytmFUDyiIA6XpP9qbhbH7wxS7IOFeGls0gZF4r92YhSDqgAGyf_w5vOv-jbleAkerWD4O-8PoJlAIHCgN7c2DwJn7y9r2UKGEpnR9Fvs93CDXYhzsCR_a0clq6EMy05-ZoV-SjmFqkZfEI_mTy3YQRwl6K_qs_hN3n0ENQdhnPyghN8uxzxgshpjpsJmYnxmoYQQ5aNVAyq4U2jtJ8mAq77AGZEdWLynFhzYLeHwUO3CTEVoZaWiWRor8sF3iJrIKQjvK1xF_PHNzEIHsIjFLkzwzPGG5CI8EweTdoU85ReYIytKuvDbB7TQeF7Yqv1Q18AeXs_qwUqRiShQaqCSizJKUtMs9miyrMA3RXcr4i6uRd91kb5AvgjmQZwmlCJmMgoX-5KQoW4kIgwnKGv98aa0LDvoq9LAmOudCIZ4bMiy2KrJvoDZvkdTYC2ygQ8HP7MiWkdKGBARjjeI2BTC2k3QzL81NkPNWHD7TBa3vkm4RG4Xdw1TUiqG3EkUOBW3U6lla1eb2Z3AgKhzqyXaO2ax0d4halAo9dwaM7dQK5I6UIPbnMN1dWIov-Z0L2mDQKlos-VfQbElYq707BzhYpN7n5ALmTOU2HwPDX8-wxkmVDtil1N_p9sUrM43YxYCuWf3CiNmJYfBkRh8FEIJnjsaNBd1dREvsgDtRe8VOBpZlSf3lMdXRNaDq2--ZiS3QQMePw1qpy8aidko3zKFCJFz4T0E1k4-FSO-4jqnfdsypW-07kxOO6XeyGMRDNKJi8JRR_5cbIqU0Iba7l49U8X20Cp_Wb8OaAdk0y5Vz8xks10EItp6t00X1oELkESDrf7Cx2C6yq-nFnsYzhCQUJn1zcLBCTDTAACRvV6DFVm1XOpsdOJitIw_yPKB-GSdH5UanpFcmAWvTEuMxiPMgujDC_zrGVOsXmbJqTf2vuA397h8-6U5QrTQjP6q0i1IPHqcc8Z-N0OHpEOkXYSz3vZZ45YHqsK1zfbbWhwsmwuuRto_lUPuVw_J2LabCietEE9-7qf1FX8=w1165-h961,,,"stable_diffusion,relationship",2020/01/23
relationship_24,,relationship,1,"colleague,admin,luvina,hieu",https://lh3.googleusercontent.com/fife/AGXqzDmmMxte1h5AoQjxy8XaKyptbEGyVwjN7nvlUR9y1Dm1y_uS36ZuKCA66AWBL8qOTgd3TIu7V0szbBDVYmAGwjrNkGLuaPxG2NzkycOqcA4R-Ybif9ydLUfqmBmvehBXCSYKX34pZrkkf2PjLt6clfeMw5EUMXnhCPdL2a5ZKPkaSKOyFB1tH9pL4btGsKyfxD9B4PYDmJ-Q6k7UdsGsmhpFYpsi8uG5Q7hWjevlniVcNS9a3qov88bs4qsI9tzuVSNGSWDWPXAFcPcTPGOn7erEqJrb8yhwQefJwjakLRW47O5K67dQjpnJfMjabNOys0_xeOQcWgsd2aAjMXfL0u_OBcy-4k_j7phf9y9uG6f70hKXFqYFcCaAxBwDy8yWLHX7_M76wjwq71xM_EYuAmUzm5l_m11-0W7NzlLDPdgGAY6EGDdm-1Mi3pvg05uWpMQ-HnfwQNbFM3kvJwgqf7xEMdioX9kPE8TWtxWSl6SK_-p0a_fpYczXwMkVYPFSFEkMtWACDpqMoFk2fp7i1HtwaI6NU51jB8EWeuPqlqSipy7xnUC0FB_LG1XBrxMTZCCvVYZnAIrnV8WQsMKqlrUan8xdEuugCr1MC_EfkkixvIUGd1UWO4A3NZ5-YWplc5uLKeVcbyCtGdHY4Dcf1I318EoVvefI6o1Jrjv4Rk1HU5bMrF6e6zPzZht_a6pvdv70cOGUkULssD-yVUNzCxcO9ekSckUokSeK5LRAuIg4XTws6gp6nUqGq6k5xQ9d1T8qnZ20duowb2DnRIWBX0haqHeVZ5q2I8R_c1lwJlGo_lKiYlabXwd7Oro0NtF1NQkieqCGOspm-1tvUVa2bYly9kwTb-9QSeBR-mZR7HH5kNCsspBjJpDhrrQX2EY8_nY7zBSDursSzohz_vD8tvGExvoMtlw5m76DXaNk_miAVt3xvYgsCxCLjX2NHU3avwdqtkuy8Q1xeySGlAbK9KyRr0SEozpWW5dMVaS_VItV2EUPA2E5CaZkZ7_ytGlwnZhua3qe1vJIAnZrAx6yy9uAcLd58ernMIfA9MJjhocS2bAjFEzbjY_fSjCXV4VGWeLDiKg7Kks1ivtqCplGDmZ4OWOb2Ho0gBTPNsnYtf7yPG72pjlZzDT5H0OOeSHktopO3Mthu71Zz5cGtr15xTz8l1kr7Sz7aZoqxHLti0Ep1PG-hKeJQanFdjXk_fS650aCVcsn9DRyi5YXTSE_pzUqFdwXM-epR7m-9meyiRNnJ7f6mqpbzYdLbZellv_YsRNDCPn5_HDrDcYMYjlIfGNjPFT3vsqGPOmsW3hJU1D98WIi16h8PxIYwIDXzvuGJQeWEGxo9X-dmcXZm417b0GH2H744q_dq7s1tfDlZQOX2bfutX9J-fjd373rSjJIYw4vDA01oQ5yJ28FGzjELbJYhUPF3YhY1uds1sNIW7ywhHH81FTfxy1orN-RwrIjvThwR-rlrHctNE806xsp0xtH-dhe_p79vEBNpaFSXeYr5VU7nIKrQIaTHyhfgyg_QbS1XLWAiptfioxKj-FRNc1eI6FK=w1165-h961,,,"stable_diffusion,relationship",2020/01/24
relationship_25,,relationship,1,"colleague,admin,luvina,hieu",https://lh3.googleusercontent.com/fife/AGXqzDn_UTcb0GXkN3Lo09VvnAu8P7kSZCqpTSetuCWa1P_SxfbK187d0JbNI_bCqUEp7Gx7MbjH7ENKOC52vnBIpqH-j-0ePQgveJrJFGLNQEULnkWur6hF3_NbZRzFVZ8548h2LJpMBO4qe0ySZPaR7OLDZxdtahuYqLRwJCHLrsbwQ0bJd1fOWX8FlctzwNYP8Ikf_bDuvutUMHVXdPk5RhLlFhOtyOX-oURN5g6iN45YOEjZwsRutAXh5QT_nhmSWvvt8dw8Q3hyuhdY34ZkW8gJU7j6G1s8npp-DDkeT-7qhn6byQZOhdG4eUS4fJnsMefOhmDyv29GSZr2vFPj8400m8DHQPCtdRDBypMlFuJoKgn0m1UmfpLPGOVhyXmAjGkCv7Mum2MHabb3cbfSrWLS_NjcpzPZ6pZXHv5poBMaVHHjQsBYDWwi9FQYvmV4IuwmsE_Ml5SCbCdWAmNLYh7lKLkSvcF0wbaxtpiDuI8XRabHDq9GtmFL8OrPTdHnsdjIQTX_F97Cu2op_28R242MiCg33T-Iger70d05BpOrD6MKIGHjGLuV3Rjrcg_c2U2DgCpkQBfuBLjeXZhnxa2kPSemIHrR2bJ3gY81HywIDMSmZbiCNaDC93CwZ2nkFchuWbbhFhanER6jUGfKHPO3v50OzlKK5P8CUkWd4sQHNQvMvoNmzpGxURgilvbyvjsVI65x6hnyLw4NUfqiOqL6D6ktos5PBJeasEGoJ2NCy-koSctuMbupWXOFa9hROQn_62Jvm_ljFImDmhGpOiG-gFiWhVkv1jMjlrMWpudxkOwH4Cm2VoR7jXwAvOv9SSE1pqg0wpID5iE0SAIAvlejaHoaJHwk5-Asj7Q9kK0s0pcvK-ZuM8e5ys60PsixV5i_4tuYBMpRJjugx70a54O5KJaFA0wHp18Li3mwRD23yi-4fTlAAzVsG_QVhv62lAPSzK6oItf8Go0rjNIU3a7ykYNWfLU_3JtYWdi56ek-pfaDYO30eoTLuf8dydOuBEQUqDfmQ86C6_crsP4ZQDumGhIQmmVyKA_yemQuT_BZT-sYwFNJFMG5o3vTmO132cH6e20Y4AuD_fVaUzkbRQa4KJJ1VRGFWjgAv-7z_9anf9ubZAMcPfAajeNvVmhyt0BQhtKJ8hh3ZLdEL-YS7HBIZsDZ0NzN9DJXTR8xyg8JmFrkBSUgkuHRYxQbzY3XS4GAGczFLHbFRwytLuHkajfrvSkFLkzW1CQZb4GzEI75E49SnoozlAKZLSTrLja2L7ImdGGvaxCQm3CmVc_Ci3g9wiYfKdfCz_tYso3SFD3dCzAN82Uo9hKa__Eg79cmkh9NpQwj2axsWNLmUO5WdutE4nuDhrLTOtQgSHrb-HK-GFS8kfMVYkR9D1bmiZ0rgZl2o3Zbm0Az6UlWWzOtQe6HQZ-9YTdwK_wt9KQtscXr9rKRyZSH9YuG1P50RjnS45sU9PIUus33BBiAYjpHdnAsgVoBsWJffCX9aLDmLc17XdVmjOI3Z8fuvl9lsq5lOZ7GOIbMpXm4cCpUv6SSAeyUlXCu=w1165-h961,,,"stable_diffusion,relationship",2020/01/25
relationship_26,,relationship,1,"colleague,admin,luvina,hieu",https://lh3.googleusercontent.com/fife/AGXqzDkRKmI22tO4LNhCFF9ZQ9IoXnNC6sukerupn_IPhDs0c0PGPI9XT2zI8tCmxy5cy5EX4As2nghbnsO6XW4qej5CU6emJj0EqqhIgEiK6sAxkgMuYD-PyV-ax3OhVRo0-gbseITVTfAkD2hhQhYitSg2d0YBEuQVso3V8THqSt87j2XK2DMv8ZMJ2xgb5_QWs1AEQNk5owxkzr2NaGO6H7fxNgQeCYY03XfJHO8jeC1ZpIdmCRs2ICN6uc_FWC4grSYkY5aAUzu0x28KOKW5JgVpRhASQKgaGZgx_LtrV50ClZph7Jam7LaH2wssxQe3z29xTsirZ3BpqNsHkUVurSEhcyGT_sDygUrRM6QE1Xs1H59qAitsXC-cu6KrUlhftc3YL-6oEwHYHXqHLn1Gobhm0-DXXZn9-kx7-IkgnBI2GcAR7TKQbOmlH3EDmw8t9xLod5I5XvJ8qV4lVKTA-MBTwOLkdFIyEkEF7kvjWTZFpoM86JgBcYaHPF4cMOgVyzJ2rdELDsh_QF1nRP5QVEOQJYhuiCIOTrZp55tKShvc0kvB0vTLKgTaQC-_Ht5FvLj2HHOmTZNWgTUo_lJL0duVEkUGCemyOpNTp7InYN3ZQXaVZM_dFxRoEcsKcPs9h_V_mBxcpWk2BvWgXQmDT7nrQ5ArI7QoYpH6sC3w6KkOjFMXqLvRZRF9XyGkPapAD8vfJ71FgAxKVVEKqU7ausLhS_cUTtFQ6mEFMkI99GBrti1ZfGHvC9CbomAmAZI_KPTfhz3ZjfREaTwRPiYJcl6BQSGPClcy9bqLvjJpDKKoK8IVqMrakYachjJDEKyS3vj5WrzIKNPerFuTKIiXADHi8ihI7-VyXDzxJLsDjkhMdbc1VEELcqq8oDosXCMJVUs1i1NYxvdkvolKjoiTsUYJuV7jr1UWj-zkaSFtfltCwzUTJwMMj2dbQ3OyOByY-EBsIeK2cfjJzV0s33mEdth6w-w8GJH7VeW8hLVDYQZZZi5vy5pDQeBf5O1cwcjBuQM6fDRasgOJsnhUd7alf8-Oypi_HlhqYGxZvFezNOBIf9gfE53kpIvoAzw-ofF2dwzz93PVi7II7DNTsl4G8IQS-8SdK5yL1TuP1_WIykZg7meDnR1TasCqDS9Zr1ZSKmaEsaG9H_tPVlDhRj6jQ4b31XOfAbn7jrus5v86UTPOIwwNZSs6BA-LV2putlkxD5u6HYYQQA4mCjEHffpmf-0MkUpzyAyPl71SCcDv2MyXmK9QJfCK--f4TcIuhYr4LrWuvwn4Fgkhxsu5XTLW6u6LAB9J0uJt_WSKXJm5Wf6jRDmcHi8saCl9tdTZlzzar2XsNintANiJwu18r9kVg9xs6iXMMoSNeMCQEHytuFXPgAe4o_254oqgd9p-glqH5d82AKGo7GAeq57BhZsX6zOCVzYerRnB-RilF57p4GTmO1z6P-OLJLc9RjMTRXG9pPfAgOWA_oc4POe7bmEX0d9TlFUPFdFkj3fXvKRLxqXdtjCBqKTBk87Xel2fIwd117aNHh6vyHmPjb6RQ6DT6Etf4hCF=w1165-h961,,,"stable_diffusion,relationship",2020/01/26
relationship_27,,relationship,1,"colleague,sale,vmo,quynh",https://lh3.googleusercontent.com/fife/AGXqzDmRujY4gg20ou8GmSbBcNHZCuQigdxUYKQdJKNaBK3pcRtzgMIHFBZR9GHQDG2rUXVoEBnvyo9MgZb8xiAkdGSFVQ1w8E0AcV_zFe4MW6d4w5TmFGL29dENzxpeDwp5X-51X-11F9Y20uUkmttjulsYmk0qKF6vzykdMOwxhQjuwIK9bA_MRVpRLvlfRtK4gDGS--t_BeMBlixVjRCFZ_LLFlmPrIB00448p8l1AnatpmEndLJfxig5p_CGg2ZUwFI69AEOhS0QctGscavOsA075CKxTkMdUEAJ1bU0KlHvkRCOsUFS1o8YpGf5JDMI57phC1udXS8GwZGLNfRw-1VRcNXLGUOZsQarq2EOTC1i5yyyK9Q3qg3r2Qiv8iBQ17wHLXV9k9AUN7x-aHEX6DNkoicj3Z146ZkECDrVC_b_PhRtcPLL2RCyGmZMHdVyTRTkoZDqjZs1KsYLU4mQYJsGCCHGhhpQ0MmV6hfgtdji4oNJjY-LtMRXiscGUKbnVr5HIpRiEZFfNgw2jQTTpmSpB3ZdP01Zu47_LmcbvTvmxuI-IiWD10QMxooKOIl1yDuLY467csFTNbQses9z828MOmXweo_uKZkdw8lPFtJIyVAM6FMr7CNX0aP_e9tMMIIxTIOuarubD0tg99O2QxwQumoBrdiYZlrBkZXllhtVtyQliApgwESHobamacUq3U66MkmMiH1ztgFu4JPQ-UuXV53MLS1iKtXDyg6nIBjQIxDBMPBHvvsXARzeN1Y3snZ7dJRQeIBBzz4pG7U-Q8iU4ilMKCycF4IkkoLyP9hL50eVsieAt8Th50rE6YFA58QO216bAwfmWGA92QPe_9JsAWt3PvwJ_7UqtPnrJjZBT9I-fUx5JaFIMMWKzkqQwTM1G9facH-v0HRhI2jNyGb6iFtIGndi92qGbipTsryEKDFYuS1ofZHz98mpcl_BtIGV91iyM7NmoPu-qK001Umq2SzJlhXqRKDxSbTwZBi85YPAiiru5XREWkQ4CScEeYv2qER9XOYsOHGfPHJTV7uq1LEIaPvdaAtBQcKdh2f1dhQplXnWPBDRAy-LheoTkuP9yxeQsE_jYaZZxuhtjhCcXQujN_CGNpi9ai2v4vTvl7zHjuTYYUHMO7qtz-lSD3hL0Km_ewc7pmdWstil8cqD3np6xJxZGVsxKIizPCEk2dJiiuZg-OaotiJPbaW4ubHHwZOHl_VmaEPadW2v6of6HmoNl_Z91PgDwlFt0AxaLBUCuN-r8_U4PHfakKMNZ7x3bjhMAsY6RF3NdGWryah_D-kcoumaEnMBMhGoCPWCNQOTepm3mRJE3y3kE392k8ivXFJPqUzA6Sad-RaURaNi6jPhDa_f5W6156gIkX9PSg8PKygTl4AbJcZuMwSztjQ9Qob0-vAkSNKPXVlCmVz2K7Oxeu0lf7aOB1SboxKkhcevwcbZr9nm4UjLnudIjpJu8bgWhFWL2T8_ZpheZcngmWyq7lhQZWdANisrmP5KzM-vc5y-XsAfkunAeFPj99yuL9kavL7k9LtMUpoaUDQDwtZA=w706-h848,,,"stable_diffusion,relationship",2020/01/27
relationship_28,,relationship,1,"colleague,sale,vmo,quynh",https://lh3.googleusercontent.com/fife/AGXqzDmsMnSCbN7-RfPV_LDTfmkAJcQtp4u7cQid3ImUqeT1Wj7-G_dD53AOJpSQycFFiRpEX55Kw74GvLTgXWbwikW_sRdWq-n7ut8zgxfo_jyXGonJ7PdlV84ae4_5J1wxGAIJyqco_k26LCpOT7MX1F4W1SwUnzRomXx8qUbOe_ELSh0-qTHQ0PeJGgUxlXfQSkM1HG4wz6H3pDYMa_7V8zXjldu5JRYl_mTIhSEyisC-eNvQ3NCwAzQDKxotU1etetmXgDYcoQAjS2eJaD0sMpKofJIz8oKU37CDlxO3WPokwJhV-9bpQ-8ThU3t3aQCxFVQEJDAeUvWhXd1cvHDeA9WKGNePCeZCPdvSmeS7BVAluFMafb_vwEfTnKBJ9-yvsooAtNF5VkEZt163Xr005yBHlr-Z1xOBqWB-AgaqWe14EHhopnRvKNQzJhhhElRMmi85_iPQibxZo3hL2A9a8zn_GHJA-B9vFLuIhwQqSp6OC1nAwVxnJadfs3Db9gVIowtSHlHNc0zCYesY7Pb_K3P9fuhfUG-Akrd4OC5UzLzBQ20YJGkwGjo_aac-2YpyICmcRqJ8HJE5A6Cb8hWBTirXa-rIBy-G-SEzHAg8Q_k-mdJm2sHq6p1Sj0ZbPv_X2mxKHkB1GlkTkgji4F3QsPQLsqZ1Opo_VJ2NwbWZz3I_jHRRr614Zt8geN_ALZHOaYlKD6jSHeiKXbSVaehyZ8DzCBL7Dkm6KU-oT-Wwo4Rc6uQeibQIYzf2kWEF_u0IC0q8hE7Cr5lahQA2y89m1TsEaOWqHPmQhzDBWY1IH3BYRkWomPSGZkxU2lW8deVBN12WmzbGjNw6-2hGz61NGwtR2odb7hrSDZXQ8ba1L1ziWbP6Yb8fD3auGYU6KU40Y76rhF-13bxqR6-0438iZTB01cZ2v6LOPZdSC-giL90CRZdOXkeUzSgAimhIvCoBKjzuKzutt2AqLfc8j5Ne0rgnUhEiMEQjAJQm8STXE2y6LJS3cIo0USlixM_07eJjq5bEDplhwLZhtDr_aJBKeruG9xq8pTU3y47qL72Z9GThULOUKBwERrscLF9c7lVALUxrrk6JRbE6lT_Fv1_FPrhY3MV5ZJOIT5DLeHJ1jb4vixWHT6BtJ3K2f3-GWsKRLDle1klgSdy91CtbQs-VJOaqxpPUoXEtEcPCUGAqkKBhWhc9oNoIq2eUGR3xe9kebu0mUVXf90K5kCv5Qso5QviJtxLjQt_a_bXz0KkVO8VkbagXMWmPaLPnd64M-a_c1jW7uQBDvypsliAwenPc1Gi9rBrh7e7TGqE1e6R-K0Ev1hK-w5F0JeyrXxr45vXI-5QbVcrgqowmhvEmXJUR9MC7_SYRMT00SAx_C4cu4-OH6vHpUT1seZ8elw9f7oSxf78GGkoLCA1j7gdTIxecMRBQSyvwwb9gVt_kSVJR36fgZYAGVHkVtT13OhJuphMhBKq-z4NAgv3LezCKQaS-lVSLO-QgC0IN4CBtEMfFPH1d5SpeaitnaMfIeZ2nNP505B9kr5ZHjG46ssrjtF8BogcbjxA=w706-h848,,,"stable_diffusion,relationship",2020/01/28
relationship_29,,relationship,1,"colleague,sale,vmo,quynh",https://lh3.googleusercontent.com/fife/AGXqzDlfo7BCMoerAmuZoSf_M4fPkuZ0OkV4KGayTRY2KsjzVVAiW8zEnTlzAo_TrCHy_fslX6nIm9XMFvrEQ5u1G0crOLHrE8zXNNGFt_GTF1JDEay7j2JZNZ4kTsZWrD5N1B_qGdhIgygkAYHzOJeEG2ctN4r3NaprnA6mXc1UOLYcG8f3EJ-8yHPWBWxMx0rPQkR-QLxJFiH_aHxTN_rbOTeSmQtFUhbogfIdWnSaqI0y2Lc2RdxO3rYn3uljZSZo0Nf0CW7gm2oC379mEXcBjrRyqnz4cOEcQMc6PFvfU9kYDs_qqbGUMZJYSQdDnhofYlCJQ08Fh9-99l51-SBGPgnZFX2CYUMIx9AU2u9rGOZoE6B1EgvO91FM4yhWrsnGD3IaW-KMxHPSTK9e-J3P-78GV2QBkAL-X5wLD3hRMTiwYf9zcpFgjxyd3uMkbxJYZKDCH_szUij3FZW7aG-ifhL-FFJ6EDurGc0dgpcypQA6wozsDoY4KTTlkKMPtwiWTh04eeVnS36J23u7v9JLVEQbiImlNvKzFZ3rHsx7KueIgqfGl9LjDMBRoAd4VxvtTttufDFPSsR6Yo9xRorVQqrQ1g9h6t9R_d4FrbHPl0aofYYT-v5Kq_S1YOjR59lRBU6mSwUK6wvue9-c8_va44zzAZd8SAmmuI6W8dcjTMnUFwi-f23bfUWjevFGQYjCOWYJhe4QnXeAv5-aADzcUOjY157opsVLECORKIvd0GZUHt8iTwiEjkoE9uGuZwzqyntWIRcHtMYlLJ6wkgRjmQKrSyFoj2x-dWFybf9025s4GV7XwNPlNHsk8H16poEJ3Utb_EJv10L1fQZK7hJYbRbpHb-tZVehBF4CjRkz1pAQdCNqetd52gizeGF8kbVvxVFUZO9S_snhr6F8uBHJHypXZsRF5y7cvaTMIHfcdFnOfg9_JBoe_hxq7Z7-fOfswGnfT3i0PzwdsHYL_iGg3yf66BabL6q6d3oZT0JbrLyGPTt1TQKl2AYsOi7cX1p-HS8WyK-xYtNo0_UCFPvxTacmF5_9oeB5sJ_sx8MShIFaVaT8BePZYkKMKNYUKqZrISJLpGhKWFK0WUrdjDOLK9uOBhrgh5dDd_rw3gmMR-Ks7HGiY_nDIZZrdYOUiDTUCfbEjrMJ3lR4bSCU93nl7dBXywDcgJGwx43wMZ8jx5BHWI0dgP8Kba7rDomnJexbah4l1teDTX4EC66IaJU5C7s6NIC3P-_OOq9GMQ_gCJUA-g1lPC5aO69cciLMNtcqPWhfD4BDFmu43E495gO8jQdy6h4GnLGUhy2q5zbZVmp7sIq7gxEPM5mMuAn5_AEq-AuCxLQYKR0W22TBnNr9wXB6QGTOkl93RFVeCte1ixnlb8ut2WXpE1J1xMt89weipPjYLL7nD5yuE2ce66d-aKj3gSTTQ8r5V2cjNlHwS3SRzDUelr8J-dT0VNurXxyR1Oga4Egbnk8JOdQQtzyoRvhQoxOaKU4hkiuMjOqbiT_pDhYCq-l1jC9_sQ4BPjogZ7iub3gVvSpJpQZokuG--bWf7I-t=w706-h848,,,"stable_diffusion,relationship",2020/01/29
relationship_30,,relationship,1,"colleague,sale,vmo,quynh",https://lh3.googleusercontent.com/fife/AGXqzDk2vsmKFYimXmPvg3_A4rx4FlatdDjdswfqLpPEc7y1kAHW6bFPbOIfS4Uw6lTJP3br5xq4ZHq0sgTIBjCIzpwOJMhbwXH1F2-9FmAOSrm93Tge6M9Gg_LrOeRwdCR-vE0vEIK_ivVNR4SOVOmQy_Y80vtOMKR2H_VWh81b8hxKxN6VjRhLNIluDMr_ZVP-41Wg9zNNP5oSml5ftRhq480r2MyyjhjhEEKb9rM3CUUCGlGURAKhFjRJ5v1WrhBXLRorhIjlJneIgD8NfugkvdroSF6-74UuhaiLGqGlEc-brWjM0ljYoNBadYLo991DEBYfoBUqMVSfqpw5eWN3ZbdeDmuTVgrJJ3BtoA5hutDaalEQ094xAArUCnRW6WDxFVQyDflHDnWNM3pq3wLxj0eE2JWmI0p6CcDwjjXOaoCbS2xxL5JFyOZDzmOk9Yoco_oTDKuPmKr5IBJqSerdw7Y1GR5mlR4O8Re2bZ4g5FhSov96zysgsPnhLytM38n0EXs1hJsrhp4LUyaMh0D4BYiU7-dJyGyUdyi6_pHmpSpXXVLsoM6KrBJCHrfJijLlc51qqytoq5VzTEPLw_ug6BL-sk468JnPKYEUHbqzZr4s0vpt0XqMkGom_tFcVvQmFM6jP3g5pIjJSOeVYJXhqZYeelrTDaEndF1d1jgF1w9sRIZzV8944X4ep9PtyS-LlqMcm8lCrv74ocDKp9W6qiL3_ejaRSX00k4xXIbflaFSL1rzKB6cUZwQCfpZxdvNzXTIi6mxJgnKCNBS8myD5p6CGRJpoNZggrzkG89rY-BrFwLK6rPP1yTgabUUuDEDX8si6Q39wIKhbVpgybWl0EyBM_SdLnT_Y9sq-qCHKyCoBlyoTbNJUlSqTPegi3TKypPGWCh0EXFFmH6uwlx5VFg_6A4-Q42w4kAy-SBS-pD6IR1Qy0aNpkNVR4D2tRt7Hnknmr5so2wt1VYQjmFiRKU3Fp-2FRYdSD5cwC7KWf0kGMwILdoM3C_l9LyNspvlZcsPCpYXKHmoRlCBG_3jsi0x8TYXPqXIoKukk2z4T09f9RPA4QybBysosPxmEpOrlUz3YlW2rRwBoU45PGYbIZPHklANkgLvVeKApOmHTON1PqySVZDBjnUEIsROLDHiKYn_kilTuEC2bWgdM6QAYsU8rt_8PL4bgH_QUcMgm-ELjHI4UGs3NrPbCR1dI9-1cP-eP_rhgzQkWXEWqvV7lpfy5Bo3spwW_e9hviaHGvg8oYXGF5--8tien6IRzY7LF6eYMUgRsg2YrewTw_3KizmErM5YAljBzcWJQkIAc7Rpy0x-LTTfOl_9RpabRzludEX57APvLE4q32Oz5Xt3wOfL5sFPgGUqpTm8z28VF0mwgYrJ7dpwz-xfIXDxYnkzWp1CTlpqjMG3xXTpnkQ2htNjnnebw9qGAiQ9mppyfqOe6Zekal4K5I7A31JnnqrbT0_Wb7Zx4qfv3e1Ixacc5rjAGjCPQGlP7OLeXVwCn5H-8WHdhKuAqATiQTG8tou-GoyccEfHJjYFHUELf9YvUYpQGJIF=w706-h848,,,"stable_diffusion,relationship",2020/01/30
relationship_31,,relationship,1,"colleague,sale,vmo,quynh",https://lh3.googleusercontent.com/fife/AGXqzDmXx2CF7Al90ASU6LXgWcFqbVdI45yH0xqmTrvC5DYJgz9uq5rgd3CY4Jd9kSV9ozgG8ABMfjxLpOarjKR4QpK5z3jibEWZpb4MZswWi-iZP3cr4Ds_WgiSM2SiLL_lCuiMtqvaRp2W4A_R8E8PrZZ4Gt8Ieonba8LUdffi5n1oC-AOCSZ2Y8o-KH88Zws_l9H3q-ZIqUgU596ddOQ3tEmEvaxHtVmZmtzdPMsx41Lv72Qam4GHXuGu6cbvUR1HPgg18wdmAN9b5zoZsG2khDUBi8K9ggPPHA6cVngV3PLx_sLuynv2EdOrcekrVvchnxIh5B3_t1kqjOjsNclpyMmB81UP0WzsyGrN75UhiGus1uSHbq1WoU63cMjWIOxhypAxZWY3mAC4aLfOs2R_xbsI4Z7TKMi6TOORo6ETGUwclpBGG_xTSkFXj-ST71J3bVzsMlLR-YELVUA_uGho0ik-7zZvG68gQuW0s8gucbmWoKV-5ebh09Tl7HXCK5BAoPOZbulJ9QRM_zLXE2S7PlPXbYZttxzt0SwtMrfdFmj2UcSeOP92A9GHwsdOU_9XPAzhiELf8pG5qTP8fFy2SZqV7CvyuMVh48ZEsLGPlsbJsw20hSWQgPuRnDHFmFwsnvAMIEMtrxpDrN8JCT25_TMWD8q1etB4xTYNDgCRiti36JzUDIpJKBp8eGcG-Mdb_CMkQ7202VnQ4gQtZRytDtSVH6_xWkzXk9pC1VyPX3cp3CL69jXYBSyQ9UFq6QTVodbMSEYG9nSHtq7GwoDOogF33EchHqBaWn9VFg6o5X5ftLgMj0akdFzSA9NDqHOvha47EGPup_4HTw00vAN9_a-wA_t6y_OwvOVIhlYbvhBhDze5RJGOgr59Zz1urz3xPYmF4u1CFsa9nFU5p8jQVrBVAINdE1zLGPsDukFmv70XK0JILwc2ugtULhoo0ukNIa5otS_N2XqRO5COxLc3mshiw32nYsrY5uYkhypFQTvJuzSYrwo5B0NH27JJG7th9r8dBC9qKtj-hA5wQJMIvBgcA9ESPlA5F5quFBBA-028VeUS1UgeIrfbdsQxPH-QPIrTmH3rfueeKG_u11PK0OrTgJ7uvijXM-HehurupKXoab5JXdSrAZaeOdr0yQmhPZewrI03Vsd5tzOEeruRkVkv1hc0HnXTAcBAotH_7XL_D4i8w9F4Gk-o41JfyOrxCmayNnt6b5ITn9Vz5sG-vffbmOy4GpEVIT02Vz_79v-lTiyqTiYKUePC5mTt6Z3W2Q2k_3PI9-ew7QFV2_Z1zjrAcEJL0IJu43-r_vgOWI7B39DOPqG6GrBC1rBH1uNQrDZNwlDipYO5AmuwME75Gon2x0t1fmhMx9c3EWSR_u3Q2lgdLoj6qK7dC4hwDG5OjwZG11MHmqiXB8g4vgxZwf77HL1muAE1yNeyfBbTDC1igQgaDgR30pH48jMn37SoaZ7OxlakgShPuxXBIOO-S1kjYNexwf6j53B3VMIu1jZhyBU0f0pYXZqTk7CNYlYJNiQYNHynRf0U0DYFP5jcdQJopbbd=w706-h848,,,"stable_diffusion,relationship",2020/01/31
relationship_32,,relationship,1,"colleague,sale,vmo,quynh",https://lh3.googleusercontent.com/fife/AGXqzDntTDTSF5jz0IdK8Cw_tiV3t-Yr4PukwBtUNEUb5QYLp61BUBHvI_zFCK8zaRZFJsjpAvbLxzVltbGoaj7j4VmQaxh06ZJww5l9R1muZoL4TJL46LSWa912jEZl800nMDCpyvyFBC2BnJPtSBkaG9NvNbUsfoAeA3EnSJMXxL1D-kdpYdTJOplTmO2gEk28B9yigPiHerpHUoxaOVpziKx4ME7clRbjg0z2z11YgmPyqrM3VTADmBWAqdkFZa3AoIBiEvlS_3AtpNBm8rh3osOQT1VA-d2Z0ExUlBJF_c5tWMs8RYVLEWWWRqQZkLhlYPE4ZaV6yaopBJrAfmnb10LvQYSnbRXDVg5WRXpu4Hm8lhR5WF_2z0NfpGugEzGjoirHOmwsSDfXfiSErnjR6dPbO8NhspqsuI9Cx17Mvw7np2Aryshoi0Sqn0Tom3hexop-OD56ebzVoBIaJKQ97vKiOuC3v3qKosKcjX5uvLGVnHyzCVL6Xlb2wYBdgI2YrNI2Mb19CW21_9yWJomnOo6yITUselZNU00CvJQR4elzDBzPtCVjC9peNZQPb4t6CDA21ofTQAqSub1K_zAgQjfKOEn4KfYagpx9DXV7lOv-D8aBEcKyGbfoJ-pw6Uu7pusP41cU58BQwnsTQYxa9K2rrhttbhdK4Ei_naQAY9iPIuHBGIz1hD-csBXyCP3omLOKiSiRMdVu2w6KVev-OkcMWL584w5SQ4K9IDXNoYAdm62KRqE59PAOEhJw9k2_DNS3SC1fYvtjZieemzVN0apC7VOCObNWBdh-HhcR3mXm3dFD9SDtoJnOWzPRxCyWsDc2W9yH8jkKg_U9j8QpIhSmlQUFOwxkCJg48b1CExwdA2KaTJ6SQLsA_xnkmlbp4LIFM3TN_lHKP5pR5KrmhpQNTe1EXyq-b3PDJ1nT-MMXoDvKq8BEd-BQX_NK-g8HMKFAy6TKaaHcSJduR0eCTCX66QqJmxDHpgin3GY6ZZjo2IJzTrRmN8i8Lab9sCypZDtgUdcrt9cmSWKlTFsV9vrx11O2fj-M5jVU_AoUr_tzxouul4GIv5pKybDhxBnlXsXKvx6wsYgyM3S9Dt_JR2MRq9Koa5tKakyRnl6W_izPecr8kdHGno2jamdO9wv1xToIYfB3-inGbmioyzzi75lQKjS7UR-syiz2-NEZ4ThvkpanW8eIK7iIZnrHyIHj_iB5V0EcZ7bHV2lEH0ZTIVzRinPfYtkIHb13PWsp-sRjQCsRzlplXZd86WcE0Ul5rBjjTgBlzhkxuhSKLbMEAHJLxZz4UCZMu8CJL0ZRlNkJllhuL4LQWaFRp0EOe_q1Im5IvieFC0chbtklWCsPpVtac0J8QFOQNr1EYuHdxu6pa9RmpeAO1QfjEBqEmGUotC8J3GFq8kfeP6GC7AjDulPK_hB2GoMJMcjazJ2lzhd5sD7OP0a-8I38A-CRMsXDlvxe18z9TO0xqiVl1oAR8dFMrSxRzxMoGlapj71F-ZyeKZHWOo0FD2rE2BsZfx6RRH_pt83C7mujWZpvDviMj-AcsE_8=w706-h848,,,"stable_diffusion,relationship",2020/02/01
relationship_33,,relationship,1,"colleague,sale,vmo,quynh",https://lh3.googleusercontent.com/fife/AGXqzDlArh-W55UEJuO6mTggODGOsvW3QZoRQlS5DkPcbvd_1WYYr5SuuYVXHN7qdmYOHvmxwCUk4zznQQnDpyfOh3Ld8Svk4WRtxhWPIhTvuagIn47tnA_H2SM_niDyMyfThEwziKOlYA8SceA3Hpb3Exdvrze4ocKjihgs7HMqYw6lo_S2P26A6RNCNb_-0tKX3K5uTdm7yxjnn32VUjszt5R_m6Ox6rtbTA7sM7sqKpVXW2ydIrcYhGiQYsnzqWE4YnLeC66HF5V_-qx1_xpjOWhwjI8I5vnUuCCuw5IGvVGAxBdLbCOLwEzFSEPMyuY8cjZvYimflpQvSHxjbybGSfOgHEdZ8sKEK0hyZxClw03sT_tym6Ect0hatYpCBc-AzjRMrqxPt5AC4TKKeIk5pDhjESOMXdpbl_VhCPGXgXJ6TbOa9Cnm3xAXHPaM4BczhpllCwOXPZ9_khSTFC2asYezHNFR-jPjp2DPjBXQD2XRO7sznJsFyMAL9xdB7l1-y5Kxe0RHjfe1aRLx2Z6IJJ2a_sDU0urReTEJsPaaFJ5I-Gvt8TTgtzlMisBMC6zpuKVxT0BOWECaHBNfj8lt1MDdDFv6SUKK5qw8ZZSUXDq8QgaWOVrMR88JZEq31KknZ8iBwRZL62vLTAXmNun1KD9cQV2fdPh_d10ti7RAhMG6WgC1jM-9HExK6VC8PTq9Nc1Iq5O-WiZieEpurCufdmidSBXO9sD-yKlyw8z_dBpuRG2ekJt4mDpZjr-R6EKXrOs_aNxNXsuddaA4YnWlWh8qlRYkoZVC07Vl5xnr8CDYrIZfupyOuCVlsjWzVVKS56J5SJRUcunOrsiUD__iQwAq2qTkVfOc38v1P56uCFNx-u8QFWSIXXp7rUav6J7jCaAD0OJy3PQBZDqyauE4RoitNQKRqhyS2sgHHAPcpCWLMSjoGWzwUtXWftPbZWOgf3unxr2q-JB-_THSfpnDli1TMIlhiifLr5DomBaPp5BMVd_AW3qwDWeIXvlW2dqlE1vHeNATGvTATuMYaa1_HoOLfQbSilc-vT1NHwQIYFzFDzItfeVn635qewIWnZyAHYT1ZKrV-9aRyWcFneASvB05vEK6Up0aquNbP_QUdLbDtDB5SQxwu48n2aDoKssx_4u8KsTyFnwurZvzi-9mZfVxSj2jtWSebMPni-chipxjzQl4dGiWGJJvjRW2ZDNA1PnQ-OqKJQS5nYCpWNSoh9uIGUVwPwlQvDDbmQyxn0iZJTCJgRnfF2WR5fCv_ZDdR_os8sDeqiPj-bsoeEeQRis-hx1vgwjleRcLhi5XtDRYmjnlOkRuS2JSOZf1sA2lAaCfW1RDJPIQ87fhkYCJJZUWc662KgXRXbKRiNOsp6XbtqZ0vIsGouy42oeD-kuB-xsC8e8AGWkzuiqs_Z6vvz57W2B_MxEqlSxcTT1s1YLU3oS4hlfcVdbd1A9aOExldkOTwHcZXeZ2cjotljdLWik_H8erQvFEOFiTY_Q3UyEO225zYZTryhgnoCy8-2r9LWWGmMxaf3yjiFvtvxj-mdhx9P_t=w706-h848,,,"stable_diffusion,relationship",2020/02/02