id,name,postId,totalDue,totalView,embedTypeId,hashTags,script,thumbnail,description,actorId,directorId,categoryIds,createdAt
japan_1,ABP-566 Shunka Ayami (あやみ旬果) - Part 1,japan,31,1,iframe,"creampie,amateur,big_tits,big_ass,doggy,cow_girl",https://drive.google.com/file/d/1NE8DwBU7QH78c7-MmFM1t_R5A7Cva1pM/preview,https://lh3.google.com/u/0/d/1zfyh1Kj7l3TqXJ1wLjsOPVP1czdA1a1M=w1165-h961-iv1,Shunka Ayami Big Tits Big Ass Asian creampie amateur cute homemades,shunka_ayami,,"region,japan,store,ggdrive",2020/01/01
japan_2,令和美少女当成,japan,21,1,iframe,"creampie,amateur,homemades,cow_girl,real",https://drive.google.com/file/d/1yXzJNlHCIhSG0T9kh7gvRf3Ltqa_e7KA/preview,https://lh3.google.com/u/0/d/1yhPwxiQwPKqZyOaWZyd82SW40RmWu_nh=w1165-h945-iv1,Cen but good,,,"region,japan,store,ggdrive",2020/01/02
japan_3,"Big Tits Asian Teen Enjoys Sk and Riding , and the creampie",japan,24,1,iframe,"creampie,homemades,cow_girl,big_tits,cute",https://drive.google.com/file/d/1FPw48Uk_k6eHGjaL_vyKrKi-9xxuYkxt/preview,https://lh3.google.com/u/0/d/1WmIRmQ1ZbhdrdY6qEKiy5kotv9jN4e19=w1165-h945-iv1,Big and cowboy,,,"region,japan,store,ggdrive",2020/01/03
japan_4,Beautiful Japanese Girl,japan,6,1,iframe,"teacher,classroom",https://player.vimeo.com/video/847647328,https://i.vimeocdn.com/video/1700996072-5b1b00a4ac6fe952a23c077098e26db595ee0dfcbaa9c109a2ee688bb50e93ef-d?mw=1000&mh=750,Teacher cow_girl in class room,,,"region,japan,store,ggdrive",2020/01/04
japan_5,剪辑合集-肉オナホ01,japan,21,1,iframe,"amateur,hardcode,bitch,small_tits,cosplay",https://drive.google.com/file/d/1_W_dI0G9ktEruozEnPlkLkGkVSEDnsZy/preview,https://lh3.google.com/u/0/d/1j5yWjQlcqqhLD4zSGZsxd8ZMGtKz_XiC=w1165-h945-iv1,Niku screen,niku,,"region,japan,store,ggdrive",2020/01/05
japan_6,Mosaic only face - Japanese,japan,48,1,iframe,"amateur,hardcode,bitch,small_tits,cosplay",https://drive.google.com/file/d/1Bj_WZ_iGWz9kbYdlI1A2ysrcSdRXZ2Su/preview,https://lh3.google.com/u/0/d/1UpYU4yljMDXE9EHiTRo9atiATn43102D=w1165-h945-iv1,Niku screen,niku,,"region,japan,store,ggdrive",2020/01/06
japan_7,Watch watch3x.net - fk a s girl in nightgown,japan,12,1,iframe,"cum_inside,cow_girl,rest_room,cosplay",https://drive.google.com/file/d/1ksJWFcuOESYCTv3KQjc-PIT6RQGA9amf/preview,https://lh3.google.com/u/0/d/1FSlqaL38b0defgGOfYXZZucc9MYS6YFD=w1165-h945-iv1,"Screen in home , anywhere and c inside",,,"region,japan,store,ggdrive",2020/01/07
japan_8,burusera,japan,77,1,iframe,"missionary,cum_inside,cow_girl,cosplay",https://drive.google.com/file/d/15G5Zz0MlYvECL1nimAEGMR3WGiBqI7TP/preview,https://lh3.google.com/u/0/d/1OZz5_cm81UJ7RKwlgSdhr2JfoTvv90Rh=w1165-h945-iv1,"Screen in home , anywhere and c inside",,,"region,japan,store,ggdrive",2020/01/08
japan_9,3xplanet keiko hd 2miyukaito,japan,39,1,iframe,"missionary,cum_inside,cow_girl,cosplay,cute,amater,creampie",https://drive.google.com/file/d/15-uZwbLEfKiElGVe8-ukGsNtNUK6xHSG/preview,https://lh3.google.com/u/0/d/1LbVjXHQn2-yBWS6PjDYNMQixkNsz9E7C=w1165-h945-iv1,"Screen in home , anywhere and c inside",miyukaito,,"region,japan,store,ggdrive",2020/01/09
japan_10,[ThZu.Cc] fc2ppv_1229755,japan,39,1,iframe,"group_sex,amater,cosplay",https://drive.google.com/file/d/1pILjHOBmJb4htrIP4goyFTymHduotDDs/preview,https://lh3.google.com/u/0/d/1Vk0HIFOwG3xEZ48PWFDICCNc9QCVTBOE=w1165-h945-iv1,Three and cosplay teen,,,"region,japan,store,ggdrive",2020/01/10
japan_11,Mesubuta 150619_963_01 Peeping Evil Helps Masturbation Of School Girls,japan,49,1,iframe,"neighborhood,creampie,cum_inside,cow_girl,cosplay",https://mega.nz/embed/g3xnDZrb#lnAZefwqkQyRLYHoL0RmAaAIB9XYkWS-7188RKqT208,https://lh3.google.com/u/0/d/1sn5XvnVI5AUoZJHiCmxtZmXm0H6mKd5Z=w1165-h961-iv1,"Short but good, inhome, neighborhood",,,"region,japan,store,ggdrive",2020/01/11
japan_12,Japanese Teen,japan,100,1,iframe,"amater,big_tits,big_ass,doggy,cow_girl",https://mega.nz/embed/E7A3xQCY#9kfBur0OKNiwSEpXlk9XWJSrUWajiGLSJdD_7FkUPWk,https://lh3.google.com/u/0/d/1Y0yMmBfFpcfOq7YJVJgn_7mfrdLidCS0=w1165-h961-iv1,Student make screen,,,"region,japan,store,ggdrive",2020/01/12
japan_13,SATOMI - A,japan,69,1,iframe,"cosplay,amater,cute",https://mega.nz/embed/xyhw0Q6R#Z_z_io2qEr2Wm7TeucRfg9fR09SBACoRYTEb3PO6S8k,https://pornzog.com/media/videos/tmb/007/812/767/3.jpg,Make screen and try best,,,"region,japan,store,ggdrive",2020/01/13