id,mame,postId,totalView,hashTags,script,thumbnail,description,categoryIds
perfect_world_1,,perfect_world,0,beautiful,https://image.civitai.com/xG1nkqKTMzGDvpLrqFT7WA/04bf69aa-af74-4f29-3a81-fa11c613f000/width=512/320360.jpeg,,,"stable_diffusion,perfect_world"
perfect_world_2,,perfect_world,0,beautiful,https://image.civitai.com/xG1nkqKTMzGDvpLrqFT7WA/c12ca7b3-47c1-4938-ac27-510fae27a4c4/width=512/00019-2804545316.jpeg,,,"stable_diffusion,perfect_world"
perfect_world_3,,perfect_world,0,beautiful,https://image.civitai.com/xG1nkqKTMzGDvpLrqFT7WA/c7885ce8-1a95-4a1f-5f38-50b68a772800/width=1088/00126-2398748607.jpeg,,,"stable_diffusion,perfect_world"
perfect_world_4,,perfect_world,0,beautiful,https://image.civitai.com/xG1nkqKTMzGDvpLrqFT7WA/2a52657b-dc6e-4370-0982-b79e46271900/width=1088/00097-1397455964.jpeg,,,"stable_diffusion,perfect_world"
perfect_world_5,,perfect_world,0,beautiful,https://image.civitai.com/xG1nkqKTMzGDvpLrqFT7WA/2722c193-9a72-4964-448b-6bb62048e400/width=1024/00032-2708261214.jpeg,,,"stable_diffusion,perfect_world"
perfect_world_6,,perfect_world,0,beautiful,https://image.civitai.com/xG1nkqKTMzGDvpLrqFT7WA/ddb88d25-7723-4025-6b6f-605dafc03300/width=1088/00121-495927576.jpeg,,,"stable_diffusion,perfect_world"
perfect_world_7,,perfect_world,0,beautiful,https://image.civitai.com/xG1nkqKTMzGDvpLrqFT7WA/e0e82c3c-6eeb-46af-a5a1-8221fc864bc4/width=768/00059-4024679698.jpeg,,,"stable_diffusion,perfect_world"
perfect_world_8,,perfect_world,0,beautiful,https://image.civitai.com/xG1nkqKTMzGDvpLrqFT7WA/ba0c247c-e0f6-4a49-a4ad-e5e13805fd9d/width=768/00048-4024275102.jpeg,,,"stable_diffusion,perfect_world"
perfect_world_9,,perfect_world,0,beautiful,https://image.civitai.com/xG1nkqKTMzGDvpLrqFT7WA/8f32350a-8821-4cc3-8160-c0a2fd10aec1/width=768/00042-3190371439.jpeg,,,"stable_diffusion,perfect_world"
perfect_world_10,,perfect_world,0,beautiful,https://image.civitai.com/xG1nkqKTMzGDvpLrqFT7WA/b2bf59b4-2a36-459b-9a00-cb8c2930b11c/width=768/00040-3190371437.jpeg,,,"stable_diffusion,perfect_world"
perfect_world_11,,perfect_world,0,beautiful,https://image.civitai.com/xG1nkqKTMzGDvpLrqFT7WA/aa6bbed6-be73-45f4-acd2-0302bdb9c4b7/width=768/00045-1322104547.jpeg,,,"stable_diffusion,perfect_world"
perfect_world_12,,perfect_world,0,beautiful,https://image.civitai.com/xG1nkqKTMzGDvpLrqFT7WA/29466629-d952-4af9-8d05-57fa19700330/width=536/00237-822214014.jpeg,,,"stable_diffusion,perfect_world"
perfect_world_13,,perfect_world,0,beautiful,https://image.civitai.com/xG1nkqKTMzGDvpLrqFT7WA/bdc37569-c548-4633-ba7f-cb80da91fc55/width=1024/12350-2384307501.jpeg,,,"stable_diffusion,perfect_world"
perfect_world_14,,perfect_world,0,beautiful,https://image.civitai.com/xG1nkqKTMzGDvpLrqFT7WA/ef7af907-1888-4728-af80-a613737524da/width=1024/6f87f0c0-d02a-4c0c-8ece-b04634997436.jpeg,,,"stable_diffusion,perfect_world"
perfect_world_15,,perfect_world,0,beautiful,https://image.civitai.com/xG1nkqKTMzGDvpLrqFT7WA/eaaff1a1-f0c7-4d36-a0ec-71a0361d74ca/width=1280/00044-1183485636.jpeg,,,"stable_diffusion,perfect_world"
perfect_world_16,,perfect_world,0,beautiful,https://image.civitai.com/xG1nkqKTMzGDvpLrqFT7WA/1f16cdeb-6402-4e8e-95fd-7f49eb594968/width=1280/00035-1183485627.jpeg,,,"stable_diffusion,perfect_world"
perfect_world_17,,perfect_world,0,beautiful,https://image.civitai.com/xG1nkqKTMzGDvpLrqFT7WA/463917aa-17db-4c8c-9847-4f9362b67237/width=1280/00032-1183485624.jpeg,,,"stable_diffusion,perfect_world"
perfect_world_18,,perfect_world,0,beautiful,https://image.civitai.com/xG1nkqKTMzGDvpLrqFT7WA/ba4fba87-a4a0-4860-a5e7-b8c8be3775a9/width=1280/00033-1183485625.jpeg,,,"stable_diffusion,perfect_world"
perfect_world_19,,perfect_world,0,beautiful,https://image.civitai.com/xG1nkqKTMzGDvpLrqFT7WA/98fffe03-b5d4-4e2a-8dd7-5d28f9d1fdc2/width=1280/00028-1183485620.jpeg,,,"stable_diffusion,perfect_world"
perfect_world_20,,perfect_world,0,beautiful,https://image.civitai.com/xG1nkqKTMzGDvpLrqFT7WA/c6c11c8a-2bb4-446e-ae71-cc73ec40b27b/width=720/00034-2218854202.jpeg,,,"stable_diffusion,perfect_world"
perfect_world_21,,perfect_world,0,beautiful,https://image.civitai.com/xG1nkqKTMzGDvpLrqFT7WA/bfb9be8a-764f-4a61-6211-1e426ea7c200/width=512/299422.jpeg,,,"stable_diffusion,perfect_world"
perfect_world_22,,perfect_world,0,beautiful,https://image.civitai.com/xG1nkqKTMzGDvpLrqFT7WA/7677723f-ba2f-47ef-e813-4feab3d30500/width=1024/00220-3272752879.jpeg,,,"stable_diffusion,perfect_world"
perfect_world_nude_1,,perfect_world,0,nude,https://image.civitai.com/xG1nkqKTMzGDvpLrqFT7WA/67d7cba9-c2ef-422d-d802-c2f2806ac400/width=1024/260004.jpeg,,,"stable_diffusion,perfect_world"
perfect_world_nude_2,,perfect_world,0,nude,https://image.civitai.com/xG1nkqKTMzGDvpLrqFT7WA/f3266e21-39be-4cc8-6e7d-6f26e4d97400/width=1024/262920.jpeg,,,"stable_diffusion,perfect_world"
perfect_world_nude_3,,perfect_world,0,nude,https://image.civitai.com/xG1nkqKTMzGDvpLrqFT7WA/10221a17-6063-4c60-3bb2-a13f73ad6300/width=2048/328748.jpeg,,,"stable_diffusion,perfect_world"
perfect_world_nude_4,,perfect_world,0,nude,https://image.civitai.com/xG1nkqKTMzGDvpLrqFT7WA/7ad28c7b-460c-4478-0505-5b046ebe1700/width=1200/328814.jpeg,,,"stable_diffusion,perfect_world"
perfect_world_nude_5,,perfect_world,0,nude,https://image.civitai.com/xG1nkqKTMzGDvpLrqFT7WA/525f9eb1-9980-4abc-73f6-fb8a645ba800/width=768/229468.jpeg,,,"stable_diffusion,perfect_world"
perfect_world_nude_6,,perfect_world,0,nude,https://image.civitai.com/xG1nkqKTMzGDvpLrqFT7WA/00647811-7629-4142-e302-f2fafaeb0300/width=1024/00092-1157315174-unparalleled%20masterpiece%20ultra%20realistic%208k%20CG%20perfect%20artwork%20((perfect%20female%20figure))%20mature%20female%20milf%20narrow%20waist.jpeg,,,"stable_diffusion,perfect_world"
perfect_world_nude_7,,perfect_world,0,nude,https://image.civitai.com/xG1nkqKTMzGDvpLrqFT7WA/561427d2-2dbf-40e5-5ead-e9aedff21100/width=1920/00004.jpeg,,,"stable_diffusion,perfect_world"
perfect_world_nude_8,,perfect_world,0,nude,https://image.civitai.com/xG1nkqKTMzGDvpLrqFT7WA/ee561eed-1c83-4e39-6e4b-8610e3019500/width=1920/00431.jpeg,,,"stable_diffusion,perfect_world"
perfect_world_nude_9,,perfect_world,0,nude,https://image.civitai.com/xG1nkqKTMzGDvpLrqFT7WA/c0fdb099-6732-44ea-8f2a-8f4e945c8363/width=768/00010-3910263952.jpeg,,,"stable_diffusion,perfect_world"
perfect_world_nude_10,,perfect_world,0,nude,https://image.civitai.com/xG1nkqKTMzGDvpLrqFT7WA/13412dc1-7953-4d1f-9002-11e85982c206/width=768/00011-3910263953.jpeg,,,"stable_diffusion,perfect_world"
perfect_world_nude_11,,perfect_world,0,nude,https://image.civitai.com/xG1nkqKTMzGDvpLrqFT7WA/e8677f06-8105-4ba4-80de-42984517b325/width=768/00064-2630833260.jpeg,,,"stable_diffusion,perfect_world"
perfect_world_nude_12,,perfect_world,0,nude,https://image.civitai.com/xG1nkqKTMzGDvpLrqFT7WA/ecf17e1e-07ce-4629-a67a-c777af456381/width=768/00066-2630833262.jpeg,,,"stable_diffusion,perfect_world"
perfect_world_nude_13,,perfect_world,0,nude,https://image.civitai.com/xG1nkqKTMzGDvpLrqFT7WA/c329bf9f-81e7-4176-9a3a-4a52aa5f5159/width=1024/03133-2912730556-(1girl%20in%20the%20pine%20forest_1.4)(see-through%20shirt_1.5)short%20hair%20best%20quality%20braless%20(pussy_1.2)%20nsfw%20naked%20thick%20legs.jpeg,,,"stable_diffusion,perfect_world"
perfect_world_nude_14,,perfect_world,0,nude,https://image.civitai.com/xG1nkqKTMzGDvpLrqFT7WA/27dce2dd-5c10-420f-8e42-c899ae94a586/width=1024/03139-1979697564-(1girl%20in%20the%20pine%20forest_1.4)(see-through%20shirt_1.5)short%20hair%20best%20quality%20braless%20(pussy_1.2)%20nsfw%20naked%20thick%20legs.jpeg,,,"stable_diffusion,perfect_world"
perfect_world_nude_15,,perfect_world,0,nude,https://image.civitai.com/xG1nkqKTMzGDvpLrqFT7WA/318959cd-866c-43bb-b03e-21aa8af16430/width=1024/02185-3587818820-ultra%20realistic%208k%20cg%20picture-perfect%20face%20masterpiece%20professional%20artwork%20famous%20artwork%20depth%20of%20field%20ray%20tracing%20det.jpeg,,,"stable_diffusion,perfect_world"
perfect_world_nude_16,,perfect_world,0,nude,https://image.civitai.com/xG1nkqKTMzGDvpLrqFT7WA/724412a8-7c41-423d-aae2-63df9c45b880/width=536/00021-3570347370.jpeg,,,"stable_diffusion,perfect_world"
perfect_world_nude_17,,perfect_world,0,nude,https://image.civitai.com/xG1nkqKTMzGDvpLrqFT7WA/400a7b58-df06-409d-968d-99fad05f0dca/width=1184/00001.jpeg,,,"stable_diffusion,perfect_world"
perfect_world_nude_18,,perfect_world,0,nude,https://image.civitai.com/xG1nkqKTMzGDvpLrqFT7WA/aace0631-e892-4b9b-94fd-9fe28dbe3be7/width=1584/00015-872169412-0000.jpeg,,,"stable_diffusion,perfect_world"
perfect_world_nude_19,,perfect_world,0,nude,https://image.civitai.com/xG1nkqKTMzGDvpLrqFT7WA/76d64a0f-50af-4eac-a0de-b23322a5b102/width=1584/00014-3660241784-0000.jpeg,,,"stable_diffusion,perfect_world"
perfect_world_nude_20,,perfect_world,0,nude,https://image.civitai.com/xG1nkqKTMzGDvpLrqFT7WA/c2499b2a-dd57-4fa8-9aec-da65c5ac56fc/width=768/00000-3113310735-nsfw%20masterpiece%20bset%20quality%20realistic%201girl%20Korean%2018%20years%20old%20idol%20mutiple%20views%20ass%20views%20and%20dress%20views%20(PureEro.jpeg,,,"stable_diffusion,perfect_world"
perfect_world_nude_21,,perfect_world,0,nude,https://image.civitai.com/xG1nkqKTMzGDvpLrqFT7WA/327887af-75b8-44d2-90dc-c42d77169170/width=960/00008-1563094417-nsfw%20masterpiece%20best%20quality%201girl%20detailed%20ass%20pussy%20view%20detailed%20model%20standing%20pose%20view%20mutiple%20different%20views%20dre.jpeg,,,"stable_diffusion,perfect_world"
perfect_world_nude_22,,perfect_world,0,nude,https://image.civitai.com/xG1nkqKTMzGDvpLrqFT7WA/73027987-a0a4-485f-86db-9322700f897a/width=768/00005-3113310740-nsfw%20masterpiece%20bset%20quality%20realistic%201girl%20Korean%2018%20years%20old%20idol%20mutiple%20views%20ass%20views%20and%20dress%20views%20(PureEro.jpeg,,,"stable_diffusion,perfect_world"
perfect_world_nude_23,,perfect_world,0,nude,https://image.civitai.com/xG1nkqKTMzGDvpLrqFT7WA/d80420ab-ce08-470a-b15f-e74eab7d2422/width=768/00004-3113310739-nsfw%20masterpiece%20bset%20quality%20realistic%201girl%20Korean%2018%20years%20old%20idol%20mutiple%20views%20ass%20views%20and%20dress%20views%20(PureEro.jpeg,,,"stable_diffusion,perfect_world"
perfect_world_nude_24,,perfect_world,0,nude,https://image.civitai.com/xG1nkqKTMzGDvpLrqFT7WA/5e081cc4-30a5-4d5b-b889-0f987344ac00/width=640/00001-2780329741-1girl1boy(boy%20sitting%20on%20the%20stool)(girl%20sitting%20in%20boy_s%20penis)(huge%20penis)nipple%20tweakheadbacksex(grabbing%20from%20behind.jpeg,,,"stable_diffusion,perfect_world"
perfect_world_nude_25,,perfect_world,0,nude,https://image.civitai.com/xG1nkqKTMzGDvpLrqFT7WA/aa362d43-297b-4b2f-8c26-53353955536b/width=768/00001-3113310736-nsfw%20masterpiece%20bset%20quality%20realistic%201girl%20Korean%2018%20years%20old%20idol%20mutiple%20views%20ass%20views%20and%20dress%20views%20(PureEro.jpeg,,,"stable_diffusion,perfect_world"
perfect_world_nude_26,,perfect_world,0,nude,https://image.civitai.com/xG1nkqKTMzGDvpLrqFT7WA/51c8ce74-841d-414b-91d4-dcb8d717e0de/width=520/00002-3537425215-nsfw%20masterpiece%20bset%20quality%20realistic%201girl%20mutiple%20views%20ass%20views%20and%20dress%20views%20(PureErosFace_V1_0.7).jpeg,,,"stable_diffusion,perfect_world"
perfect_world_nude_27,,perfect_world,0,nude,https://image.civitai.com/xG1nkqKTMzGDvpLrqFT7WA/d954bfd7-0293-4b8a-a446-94d571f5dee0/width=520/00005-3537425218-nsfw%20masterpiece%20bset%20quality%20realistic%201girl%20mutiple%20views%20ass%20views%20and%20dress%20views%20(PureErosFace_V1_0.7).jpeg,,,"stable_diffusion,perfect_world"
perfect_world_nude_28,,perfect_world,0,nude,https://image.civitai.com/xG1nkqKTMzGDvpLrqFT7WA/34c04f73-8d13-45fd-8c3e-4e98b76ad783/width=520/00001-3537425214-nsfw%20masterpiece%20bset%20quality%20realistic%201girl%20mutiple%20views%20ass%20views%20and%20dress%20views%20(PureErosFace_V1_0.7).jpeg,,,"stable_diffusion,perfect_world"
perfect_world_nude_29,,perfect_world,0,nude,https://image.civitai.com/xG1nkqKTMzGDvpLrqFT7WA/f8574914-ac86-4cb2-ad58-f5ee1680a2d1/width=520/00004-3537425217-nsfw%20masterpiece%20bset%20quality%20realistic%201girl%20mutiple%20views%20ass%20views%20and%20dress%20views%20(PureErosFace_V1_0.7).jpeg,,,"stable_diffusion,perfect_world"
perfect_world_nude_30,,perfect_world,0,nude,https://image.civitai.com/xG1nkqKTMzGDvpLrqFT7WA/22f4f649-35d8-4b6f-bf89-abcea22b33e2/width=768/00028-2486221645-best%20quality%20ultra%20high%20res%20(photorealistic_1.35)%20(nsfw_1.4641)POV(topless_1.1)%20(hanfu_1.4)(solo_1.4)%20(1girl_1.1)%20(hanf.jpeg,,,"stable_diffusion,perfect_world"
perfect_world_nude_31,,perfect_world,0,nude,https://image.civitai.com/xG1nkqKTMzGDvpLrqFT7WA/41e60387-33f0-4736-a57d-a91ee3dbd21b/width=1024/00124-1355448208.jpeg,,,"stable_diffusion,perfect_world"
perfect_world_nude_32,,perfect_world,0,nude,https://image.civitai.com/xG1nkqKTMzGDvpLrqFT7WA/5cf2743f-da40-432d-903e-dadd66f6fc02/width=1024/00123-1355448207.jpeg,,,"stable_diffusion,perfect_world"
perfect_world_nude_33,,perfect_world,0,nude,https://image.civitai.com/xG1nkqKTMzGDvpLrqFT7WA/0cf36f8d-1be5-480c-aea4-6c56b1bb738b/width=1024/00127-1355448211.jpeg,,,"stable_diffusion,perfect_world"
perfect_world_nude_34,,perfect_world,0,nude,https://image.civitai.com/xG1nkqKTMzGDvpLrqFT7WA/bdc5b374-f33e-48db-acd7-0365ba88584c/width=1024/00099-1180914829.jpeg,,,"stable_diffusion,perfect_world"
perfect_world_nude_35,,perfect_world,0,nude,https://image.civitai.com/xG1nkqKTMzGDvpLrqFT7WA/2849ff3e-631c-43cf-b204-8acad9e444da/width=1024/00089-3873579176.jpeg,,,"stable_diffusion,perfect_world"
perfect_world_nude_36,,perfect_world,0,nude,https://image.civitai.com/xG1nkqKTMzGDvpLrqFT7WA/feac387b-a13c-4945-8d65-ffb9a94cba81/width=1024/00102-137818159.jpeg,,,"stable_diffusion,perfect_world"
perfect_world_nude_37,,perfect_world,0,nude,https://image.civitai.com/xG1nkqKTMzGDvpLrqFT7WA/d69e8068-23a6-456e-b4a8-5bd13541823a/width=1024/00144-3162656669.jpeg,,,"stable_diffusion,perfect_world"
perfect_world_nude_38,,perfect_world,0,nude,https://image.civitai.com/xG1nkqKTMzGDvpLrqFT7WA/feac387b-a13c-4945-8d65-ffb9a94cba81/width=1024/00102-137818159.jpeg,,,"stable_diffusion,perfect_world"
perfect_world_nude_39,,perfect_world,0,nude,https://image.civitai.com/xG1nkqKTMzGDvpLrqFT7WA/19747df2-97ab-4037-a903-5fd66f5a7a61/width=1024/00116-1391740668.jpeg,,,"stable_diffusion,perfect_world"
perfect_world_nude_40,,perfect_world,0,nude,https://image.civitai.com/xG1nkqKTMzGDvpLrqFT7WA/7f10aa51-5861-4521-99f6-18968f663dc7/width=1024/00107-137818164.jpeg,,,"stable_diffusion,perfect_world"
perfect_world_nude_41,,perfect_world,0,nude,https://image.civitai.com/xG1nkqKTMzGDvpLrqFT7WA/d9a4de38-29e6-4875-95e9-1d75becca1fb/width=1280/00043-1183485635.jpeg,,,"stable_diffusion,perfect_world"
perfect_world_nude_42,,perfect_world,0,nude,https://image.civitai.com/xG1nkqKTMzGDvpLrqFT7WA/c6d939ef-f3c2-4ff1-a2e3-f9a0c8fdf412/width=1280/00041-1183485633.jpeg,,,"stable_diffusion,perfect_world"
perfect_world_nude_43,,perfect_world,0,nude,https://image.civitai.com/xG1nkqKTMzGDvpLrqFT7WA/1b839ad6-e0a6-4725-b41a-4ff22f43c294/width=1280/00039-1183485631.jpeg,,,"stable_diffusion,perfect_world"
perfect_world_nude_44,,perfect_world,0,nude,https://image.civitai.com/xG1nkqKTMzGDvpLrqFT7WA/8edfeda0-9dce-4111-bd92-7f6f640af660/width=1280/00042-1183485634.jpeg,,,"stable_diffusion,perfect_world"
perfect_world_nude_45,,perfect_world,0,nude,https://image.civitai.com/xG1nkqKTMzGDvpLrqFT7WA/b12de7e9-2c89-416e-bf1c-20bfcc5e989c/width=1280/00037-1183485629.jpeg,,,"stable_diffusion,perfect_world"
perfect_world_nude_46,,perfect_world,0,nude,https://image.civitai.com/xG1nkqKTMzGDvpLrqFT7WA/b38f7ad3-0afa-4ce7-bece-abd5992e0a5a/width=1280/00038-1183485630.jpeg,,,"stable_diffusion,perfect_world"
perfect_world_nude_47,,perfect_world,0,nude,https://image.civitai.com/xG1nkqKTMzGDvpLrqFT7WA/992fe313-63ee-4598-9fa3-8ca2b7aa46a8/width=1280/00034-1183485626.jpeg,,,"stable_diffusion,perfect_world"
perfect_world_nude_48,,perfect_world,0,nude,https://image.civitai.com/xG1nkqKTMzGDvpLrqFT7WA/febe8773-fefe-4ef5-a578-0f77f54be7fd/width=1280/00036-1183485628.jpeg,,,"stable_diffusion,perfect_world"
perfect_world_nude_49,,perfect_world,0,nude,https://image.civitai.com/xG1nkqKTMzGDvpLrqFT7WA/e3ed50a5-18d0-4c44-9ac2-b95376fa222c/width=1280/00030-1183485622.jpeg,,,"stable_diffusion,perfect_world"
perfect_world_nude_50,,perfect_world,0,nude,https://image.civitai.com/xG1nkqKTMzGDvpLrqFT7WA/aeb81383-21bf-481f-90ee-cd3fa6d341c1/width=1280/00025-1183485617.jpeg,,,"stable_diffusion,perfect_world"
perfect_world_nude_51,,perfect_world,0,nude,https://image.civitai.com/xG1nkqKTMzGDvpLrqFT7WA/d536a0cb-86b4-4bac-8f59-04be46e45f47/width=1280/00064-1183485616.jpeg,,,"stable_diffusion,perfect_world"
perfect_world_nude_52,,perfect_world,0,nude,https://image.civitai.com/xG1nkqKTMzGDvpLrqFT7WA/6bbbb97c-f386-4e0d-a9a6-b828901e1fc7/width=1280/00063-1183485615.jpeg,,,"stable_diffusion,perfect_world"
perfect_world_nude_53,,perfect_world,0,nude,https://image.civitai.com/xG1nkqKTMzGDvpLrqFT7WA/2472aa83-ab1b-4b71-8fc8-d5bcab7dbc7b/width=1280/00024-1183485616.jpeg,,,"stable_diffusion,perfect_world"
perfect_world_nude_54,,perfect_world,0,nude,https://image.civitai.com/xG1nkqKTMzGDvpLrqFT7WA/aec6cdc8-52dd-4398-8e3c-f53b3bbbc5ef/width=816/00002-3470606049.jpeg,,,"stable_diffusion,perfect_world"
perfect_world_nude_55,,perfect_world,0,nude,https://image.civitai.com/xG1nkqKTMzGDvpLrqFT7WA/dcbe7ce5-c063-4b87-a3d7-a7fb7438eb49/width=768/00003-3553859870.jpeg,,,"stable_diffusion,perfect_world"
perfect_world_nude_56,,perfect_world,0,nude,https://image.civitai.com/xG1nkqKTMzGDvpLrqFT7WA/06023def-9005-4dc8-8b90-43fa91adeb95/width=768/00007-3967381746.jpeg,,,"stable_diffusion,perfect_world"
perfect_world_nude_57,,perfect_world,0,nude,https://image.civitai.com/xG1nkqKTMzGDvpLrqFT7WA/3f943371-8524-4c40-b2d4-7e2aeaa75207/width=768/00020-3130771584.jpeg,,,"stable_diffusion,perfect_world"
perfect_world_nude_58,,perfect_world,0,nude,https://image.civitai.com/xG1nkqKTMzGDvpLrqFT7WA/1d31ce88-a10b-4787-ba22-ae595241ad2c/width=768/00006-3553859873.jpeg,,,"stable_diffusion,perfect_world"
perfect_world_nude_59,,perfect_world,0,nude,https://image.civitai.com/xG1nkqKTMzGDvpLrqFT7WA/191b075b-d1e1-403b-bd95-1df2cd9d81c0/width=768/00000-1861083132.jpeg,,,"stable_diffusion,perfect_world"
perfect_world_nude_60,,perfect_world,0,nude,https://image.civitai.com/xG1nkqKTMzGDvpLrqFT7WA/d4d65a39-4d37-40f8-9580-e81e36370040/width=592/00000-1065976135.jpeg,,,"stable_diffusion,perfect_world"
perfect_world_nude_61,,perfect_world,0,nude,https://image.civitai.com/xG1nkqKTMzGDvpLrqFT7WA/bcdf0fcf-7bb2-48a7-a230-4ac74ac0a698/width=1024/00271-577772136-ultra%20detailed%208k%20cgnsfwsexy%20goddess((multicolored%20hair%20long%20hair))Curlssymmetrymature%20femaleperfect%20female%20bodynarrow.jpeg,,,"stable_diffusion,perfect_world"
perfect_world_nude_62,,perfect_world,0,nude,https://image.civitai.com/xG1nkqKTMzGDvpLrqFT7WA/0ae250a5-d52d-4ee4-ae06-73898cd8608c/width=920/00031-4206051280-(realistic%20photo-realistic_1.4)%20(extremely%20detailed%20CG%20unity%208k%20wallpaper)%20best%20quality%20masterpiece%20ultra-detailed%201girl.jpeg,,,"stable_diffusion,perfect_world"
perfect_world_nude_63,,perfect_world,0,nude,https://image.civitai.com/xG1nkqKTMzGDvpLrqFT7WA/fd4a63ad-bcd4-46ec-9d06-4d0915437d00/width=1024/262919.jpeg,,,"stable_diffusion,perfect_world"
perfect_world_nude_64,,perfect_world,0,nude,https://image.civitai.com/xG1nkqKTMzGDvpLrqFT7WA/c27f9475-a2cd-4d85-2f7d-bfa5dcc47100/width=1024/280348.jpeg,,,"stable_diffusion,perfect_world"
perfect_world_nude_65,,perfect_world,0,nude,https://image.civitai.com/xG1nkqKTMzGDvpLrqFT7WA/b6020b79-3f79-4aa0-e0bf-63c0d4418d00/width=1024/242496.jpeg,,,"stable_diffusion,perfect_world"
perfect_world_nude_66,,perfect_world,0,nude,https://image.civitai.com/xG1nkqKTMzGDvpLrqFT7WA/7e3f9144-6a83-4005-5a9b-fbd05192f900/width=1024/362935.jpeg,,,"stable_diffusion,perfect_world"
perfect_world_nude_67,,perfect_world,0,nude,https://image.civitai.com/xG1nkqKTMzGDvpLrqFT7WA/6a85196d-c809-4f78-c974-1275723e8900/width=1536/287661.jpeg,,,"stable_diffusion,perfect_world"
perfect_world_nude_68,,perfect_world,0,nude,https://image.civitai.com/xG1nkqKTMzGDvpLrqFT7WA/d8b89955-1b1a-4ed8-ba1b-38a68e390000/width=1024/237573.jpeg,,,"stable_diffusion,perfect_world"
perfect_world_nude_69,,perfect_world,0,nude,https://image.civitai.com/xG1nkqKTMzGDvpLrqFT7WA/3730bba0-e696-4334-f429-cec8e2b1c300/width=512/282453.jpeg,,,"stable_diffusion,perfect_world"
perfect_world_nude_70,,perfect_world,0,nude,https://image.civitai.com/xG1nkqKTMzGDvpLrqFT7WA/e2467579-5826-47d5-ef1e-7deb3d148800/width=1024/00885-1468761552-masterpiece8k%20resolution((perfect%20female%20figure))%20_1%20girl%20and%20a%20white%20horse%20(1.%203)_lying%20next%20to%20the%20horse%20the%20sea%20partial.jpeg,,,"stable_diffusion,perfect_world"
perfect_world_nude_71,,perfect_world,0,nude,https://image.civitai.com/xG1nkqKTMzGDvpLrqFT7WA/08430161-199e-49ec-8e26-2fd22fc6e100/width=1024/00210-1471075600.jpeg,,,"stable_diffusion,perfect_world"
perfect_world_nude_72,,perfect_world,0,nude,https://image.civitai.com/xG1nkqKTMzGDvpLrqFT7WA/58d580c4-a06f-4956-b51e-74caf2a3bf00/width=682/03-shiny_black_leather_pants_fat_pussy_big_labia_pussy_lips_opened_pussy_cum_inside_cum_dripping_creampie_4k_highly_detailed-1164217904-scale7.00-k_dpmpp_2_a-perfectWorld_v2Baked.jpeg,,,"stable_diffusion,perfect_world"
perfect_world_nude_73,,perfect_world,0,nude,https://image.civitai.com/xG1nkqKTMzGDvpLrqFT7WA/5d85d0c0-143a-4e29-6fc6-dc059da0be00/width=1024/385515.jpeg,,,"stable_diffusion,perfect_world"
perfect_world_nude_74,,perfect_world,0,nude,https://image.civitai.com/xG1nkqKTMzGDvpLrqFT7WA/a6458b9d-caba-42b6-bb61-38f6e3438800/width=2048/00026-1457945072.0.jpeg,,,"stable_diffusion,perfect_world"
perfect_world_nude_75,,perfect_world,0,nude,https://image.civitai.com/xG1nkqKTMzGDvpLrqFT7WA/10e674a7-a47a-4318-1d77-cbaa83ef0000/width=1024/287663.jpeg,,,"stable_diffusion,perfect_world"
perfect_world_nude_76,,perfect_world,0,nude,https://image.civitai.com/xG1nkqKTMzGDvpLrqFT7WA/52101dc3-252b-40ec-eacf-1decb0818400/width=1536/287662.jpeg,,,"stable_diffusion,perfect_world"
perfect_world_nude_77,,perfect_world,0,nude,https://image.civitai.com/xG1nkqKTMzGDvpLrqFT7WA/ba6cceaf-270a-4756-1844-888132d70d00/width=576/IMG_2145.jpeg,,,"stable_diffusion,perfect_world"
perfect_world_nsfw_1,,perfect_world,0,nsfw,https://image.civitai.com/xG1nkqKTMzGDvpLrqFT7WA/ef888876-bd33-4447-55fd-2161cb7b7900/width=2048/00583-1275772733.jpeg,,,"stable_diffusion,perfect_world"
perfect_world_nsfw_2,,perfect_world,0,nsfw,https://image.civitai.com/xG1nkqKTMzGDvpLrqFT7WA/3ee2338c-151a-42ba-bebb-45d2a52d0823/width=3264/00293.jpeg,,,"stable_diffusion,perfect_world"
perfect_world_nsfw_3,,perfect_world,0,nsfw,https://image.civitai.com/xG1nkqKTMzGDvpLrqFT7WA/40d9cfc7-29c8-40ff-92dc-6aaf93155f98/width=1232/00000.jpeg,,,"stable_diffusion,perfect_world"
perfect_world_nsfw_4,,perfect_world,0,nsfw,https://image.civitai.com/xG1nkqKTMzGDvpLrqFT7WA/5bec5cb4-9500-4820-bae8-79854ceb1e16/width=1728/00140.jpeg,,,"stable_diffusion,perfect_world"
perfect_world_nsfw_5,,perfect_world,0,nsfw,https://image.civitai.com/xG1nkqKTMzGDvpLrqFT7WA/81e5d08b-25d2-414a-8cb0-18476e6c8b80/width=1024/00004-3925272262.jpeg,,,"stable_diffusion,perfect_world"
perfect_world_nsfw_6,,perfect_world,0,nsfw,https://image.civitai.com/xG1nkqKTMzGDvpLrqFT7WA/4cf312b5-419f-4d02-874a-0fb3617f93e9/width=1024/00081-1133235317.jpeg,,,"stable_diffusion,perfect_world"
perfect_world_nsfw_7,,perfect_world,0,nsfw,https://image.civitai.com/xG1nkqKTMzGDvpLrqFT7WA/c2bee7eb-cca9-4194-86f7-ac4fe837ccc6/width=1024/00077-1133235313.jpeg,,,"stable_diffusion,perfect_world"
perfect_world_nsfw_8,,perfect_world,0,nsfw,https://image.civitai.com/xG1nkqKTMzGDvpLrqFT7WA/b7995462-c6db-4c6c-bb4f-fbb886615e77/width=1024/00076-1133235312.jpeg,,,"stable_diffusion,perfect_world"
perfect_world_nsfw_9,,perfect_world,0,nsfw,https://image.civitai.com/xG1nkqKTMzGDvpLrqFT7WA/bedf3776-a9c7-4392-a72a-efe0e22b2e8c/width=1024/00082-1133235318.jpeg,,,"stable_diffusion,perfect_world"
perfect_world_nsfw_10,,perfect_world,0,nsfw,https://image.civitai.com/xG1nkqKTMzGDvpLrqFT7WA/3e5f77a6-3adb-4613-8b7f-4967698db24f/width=1024/00084-1133235320.jpeg,,,"stable_diffusion,perfect_world"
perfect_world_nsfw_11,,perfect_world,0,nsfw,https://image.civitai.com/xG1nkqKTMzGDvpLrqFT7WA/60e2005f-d109-4c28-b75a-e24076e7e3ff/width=1024/00078-1133235314.jpeg,,,"stable_diffusion,perfect_world"
perfect_world_nsfw_12,,perfect_world,0,nsfw,https://image.civitai.com/xG1nkqKTMzGDvpLrqFT7WA/16f5f11d-7acd-4094-8278-1bee5247e577/width=512/00048-1133235311.jpeg,,,"stable_diffusion,perfect_world"
perfect_world_nsfw_13,,perfect_world,0,nsfw,https://image.civitai.com/xG1nkqKTMzGDvpLrqFT7WA/c20419ea-fc7c-4481-860c-90f2906a270b/width=512/00052-1133235315.jpeg,,,"stable_diffusion,perfect_world"
perfect_world_nsfw_14,,perfect_world,0,nsfw,https://image.civitai.com/xG1nkqKTMzGDvpLrqFT7WA/6468a58e-e662-4d04-bfd0-54187abf8091/width=512/00056-1133235319.jpeg,,,"stable_diffusion,perfect_world"
perfect_world_nsfw_15,,perfect_world,0,nsfw,https://image.civitai.com/xG1nkqKTMzGDvpLrqFT7WA/92105580-4525-44d6-93d0-f9abbb17cc01/width=512/00057-1133235320.jpeg,,,"stable_diffusion,perfect_world"
perfect_world_nsfw_16,,perfect_world,0,nsfw,https://image.civitai.com/xG1nkqKTMzGDvpLrqFT7WA/98ca278a-3eff-4f39-bd85-1357cdda518e/width=768/00015-3387576923-medium%20breasts%20navel%20mismatched%20pubic%20hair%20areolae%20puffy%20nipples%20blushfucked%20sillywide%20eyes%201boy%20male_pubic_hair%20veiny.jpeg,,,"stable_diffusion,perfect_world"
perfect_world_nsfw_17,,perfect_world,0,nsfw,https://image.civitai.com/xG1nkqKTMzGDvpLrqFT7WA/4cec4814-5748-44b1-96c0-cdf9245b74c2/width=768/00016-3387576929-flat%20chest%20navel%20bushy%20pubic%20hair%20areolae%20puffy%20nipples%20tearfulwide%20eyeslong%20tongue%201boy%20male_pubic_hair%20veiny%20penis.jpeg,,,"stable_diffusion,perfect_world"
perfect_world_nsfw_18,,perfect_world,0,nsfw,https://image.civitai.com/xG1nkqKTMzGDvpLrqFT7WA/c61ab923-5a8a-4659-991e-6ae79f42359c/width=1024/01772-3207649676-ultra%20realistic%208k%20cg%20picture-perfect%20face%20masterpiece%20professional%20artwork%20famous%20artwork%20depth%20of%20field%20ray%20tracing%20det.jpeg,,,"stable_diffusion,perfect_world"
perfect_world_nsfw_19,,perfect_world,0,nsfw,https://image.civitai.com/xG1nkqKTMzGDvpLrqFT7WA/7113720f-a3ae-4d3a-bdbe-a1e91d9f0431/width=1024/00001.jpeg,,,"stable_diffusion,perfect_world"
perfect_world_nsfw_20,,perfect_world,0,nsfw,https://image.civitai.com/xG1nkqKTMzGDvpLrqFT7WA/a318e640-c5a8-4dae-8f5e-58ea95ae2305/width=1024/00000.jpeg,,,"stable_diffusion,perfect_world"
perfect_world_nsfw_21,,perfect_world,0,nsfw,https://image.civitai.com/xG1nkqKTMzGDvpLrqFT7WA/74a05448-2dd5-4f68-9d86-8fabc035057c/width=1024/00000.jpeg,,,"stable_diffusion,perfect_world"
perfect_world_nsfw_22,,perfect_world,0,nsfw,https://image.civitai.com/xG1nkqKTMzGDvpLrqFT7WA/2da08c81-0118-464b-bcec-25ad099107a2/width=1184/00004-1286483022-0000.jpeg,,,"stable_diffusion,perfect_world"
perfect_world_nsfw_23,,perfect_world,0,nsfw,https://image.civitai.com/xG1nkqKTMzGDvpLrqFT7WA/82500ab9-51b5-4b06-849f-6851aedad32a/width=1024/00000.jpeg,,,"stable_diffusion,perfect_world"
perfect_world_nsfw_24,,perfect_world,0,nsfw,https://image.civitai.com/xG1nkqKTMzGDvpLrqFT7WA/32d8b949-cf01-469b-83b4-7e65c7119b56/width=2560/00063-2142552787.01.jpeg,,,"stable_diffusion,perfect_world"
perfect_world_nsfw_25,,perfect_world,0,nsfw,https://image.civitai.com/xG1nkqKTMzGDvpLrqFT7WA/f5b0c228-71a3-445d-b6ae-02b357fd4088/width=640/00005-804386872.jpeg,,,"stable_diffusion,perfect_world"
perfect_world_nsfw_26,,perfect_world,0,nsfw,https://image.civitai.com/xG1nkqKTMzGDvpLrqFT7WA/c3299bf8-f4be-4fd4-8d1b-ecfb7a47f5e8/width=640/00010-804386877.jpeg,,,"stable_diffusion,perfect_world"
