id,mame,postId,totalView,hashTags,script,thumbnail,description,categoryIds,createdAt
star_1,,star,1,tong_dat,https://lh3.googleusercontent.com/fife/AGXqzDm9vjoTE9adMGKLslL95H4ULal9nyfTzuSVedIezUDIBc9NP4ShqrFQ1A5oToPNY17o92vq-Tghj09B_ufxi3TEptvEw03UjJO11_pJJXeVTBNKV8fmveVqPH4G5J-wgbjfUTsv_aPOnWIOcwsS2pPMriXf34DfEAs1TNS3r3dkL9Ceo7-naw1DDCvW-JC___jccBn9IkUnkpj63nYA6-wdtoCAcOC4EWfqCgCOBz7FINjdy0G8DIxyD2etXP5HlWknCZl9kzhv5uuyRRSz2d6O7YEubcRRHocv39l-mVAEUvT7GRQieXxkYVNv4OuLozrrYLvTI4NFKXGkENL8sp5xj9U7yvhVWOJILUmun-fweDgwmuoaVlowcA0d1d8Dj2-tM65LO5Kd7jhw1AC3jkxWruhpaWU3RBBAa0YylRPDTqcCJFLAE6eOTh4exL5hIfPTalAMibVuQ3dSD1ey9-kktCJVjzCf5EmWynbzWfEf7EeWklvOy4srRBxic8R2ydRDT9UQX4l3e-se5jGkQvRhPJtM9JRJ0N1NPYFEJ5qTBEM0Y_I80V5cdvQMBPQb8nR0_M4-4pp9YJEQAPoXbQUIq_Zf-IzBm-qsvuop6lhDFURxP0E4_sot_6QOnfpZyIWc9x2DQv9JH8ygPxlZq-k1a1GBeQBVG4IsUxlAkp9NQn0w7lw9c1iB1pQl_g3ID_Gpl585uOtasp7fb5Wca13kNqd_A1txamAGo3UQKZvQn6lrT-mWzJa6KVVL4bdobADzOX5e8kx2nNIS45TzpWq6od5BDuBqXL9GTby0-YmFRG0TRocOqTev-9NIEEOOJx8Su-3u_lN3cZ9cmAsh39OtqtuyVrv67EZgY3CPhraLai1RvEC40hyEyyPyXJn0u5V_e1Y-cmbguoDQ1w3nPWUttC1Sf7kEYXQHjp2HkCjg2fYZ5Q76bHTrsDdyiyYdDvG5c373xzpbEfFyqlGNs-_qc5aDApEYmf4rtB3Ai2068bO21TIpp2Vao5J6hOtwcXm2vdOHsSFwiJ-MA3J8FDK_VzSx5tFziu980JYyVq8sgdSpkhwDzE-3hOOgulMRAsNfbJzNg_laUE1Y6c8ghcG45SdXR8jkMnNypY0kPF-LnQDh2z4dUU4MTZRMQ0rl6DK_pQSmdstCN0q1V6RAFBaj_u_tjRliUt_D-gkrd5ihIBxCF6vUaZzMjVzodyuFmwcyFJVfGokp2tny64YHG6UtdMyZNqEL45NlUU28Q_ouhrgG3nIvTOLp3UfKIEXolSg2rIjaS6-NA6Pu6dgOgcqxe0hQhxAV0L3VOsaZYxo2aF95ESUXxVQsd2ERgLR2SWfsKXMLfRNGLV459CgRbgwe36LYTG8WR9KqOpd5exil5i4S6ysYNIigsJun9mwjFmEJC4nQO7sKzYLmMLJJovRyrPM7-ihBEwc_fBNzAFOWRu2kKHmoKFNK4f7uTLRFJ_Ess1DZ46LfN05Kerger4uxATiUKZVIqXUCR7YHxAJJsdQodw75NTx_b2lIt0SW1KENaGcgQi_nioV7Kp_dwnqeS9Qdpj2J=w1920-h945,,,"stable_diffusion,star",2020-01-01
star_2,,star,1,tong_dat,https://lh3.googleusercontent.com/fife/AGXqzDnYKlHtstb9D4Z7GLzq34zFbGW5HRMoWm1QcVRMebQEGBt5HCm7oQ52eBuL0G4t3gH24fC9FVuYCpTK0yWCNmtIN4Maye9zqPcyGgf0BojYPRO0pdT6_LymCGuZcojFMLT29dfTe8riNG87nH8FeIeovn27csJ5E91I99HYGfqm_qbt8e1HaMWPU82Nj9TzUBTvzi-_kP-CuCEQJV-tu5BHcX0urjq4nKbrqrSxM6Iewlk7ILOpw_LsAWOnybcB9qvtA-j1sdQP3vb8WfYs4z6t5VbAI10VoDotzOmAGhnDgkRsVIiRXfYx5B2cnUw4aK-EqbyewSyjSCklC_pW8V5VUITua1gZB0YuG4qLLyX7yR305WMh16ltIOLesS7ptvuiK141r_7y0mCJ4S5wg1edy7adeBqhIV-TXObJu6FEtibU_C16S3RafvWwwqYkDG4MZLGSYfy4hgTyinPFzqx06C6bMj5VMQX4PDWCQ0RjfJ1vJ2qqF50ty0J-yUL6ONmMP-ee0F8YoHLax5V4Zdz7LKeoDGibjz9Ud4wHk_Ebiu30r63kEHioZiq0fYjeOTTsiUPY1s-P3kZ8kAAr1g4Oc-d9cbOElvWTRJWek3fxu9XcfVV8xH2LIQH2-vja1URNMPC32cW6ZAuTAG8t5LmHFGG7xBNEEFw154M0E3RZryKNNXLhWJn9z9Yt4vIak4kShypz-SbJZuMD_anvTdoWO-felGS-SgnIFJIt33pnB1GL0qk4PkVUUzVPS3YhUZnuRbuWF6iLo6-b9EIaId7XHGojMFhldamwMPxx6INAZD6VLHDQpD7PkoNxDe5ecx82TucVrYGYkMQSlxjrFMLVx7O5Uz1eWuF0nWCMDJCMrGTlAMLadt9f78M5AH7Rrx-kWFvYTls0R_Bqv0YIeXTCGd5YRdcKKWFqf6u3vE2CnDTRKyLQXREhbWY3A-s4QxXXSi5ndXd2Y8CjogvB7g=w1920-h945,,,"stable_diffusion,star",2020-01-01
star_3,,star,1,tong_dat,https://lh3.googleusercontent.com/fife/AGXqzDksFLp3a17c6fyirZCsOYjuqpzmVqB3xSD9lT3aaxryLGKS7Yj6voTgRdd0Kq0l1ySZ4NFZFs1v1FU6EEjo-TfNH-7hUu3LUYWLOGiKa2LuwLU_WtrRZlmFnHS5ygLLytPT9XleKYa-yaQRDzeCv46gWkjdorxQ1yBPtcCjm9jq55CuOxZvur_GzS7XVweh0M_MoolK9qtir7ZhwZQqLdb2_1x-5yH-TZPd53UWaMTCWceshsYCEfZI-QmGqFLd0hj_tEii1DMUsb9A7XbhoRFhESma81dOP4EiMsZkJE0UR2iUOaSBK6_P1qE9-7qFNM14-x0_PVNaHh1ewQU3HxqyBFSk2WnfMJeKErH3ni1iMkoVfnN4zceQ9JParoL2oN5p1WGVJwRLumYy1LfXl3gvWuRzJS7v8ExlHq3KVD0dl0fG_tXbUUPTtByln_9MIFTf2x81AH0V4aAav4OIIiZX1PV9fQl2iTk6LNAUi680-zvffy_ttn60LshfvuiAbyWWdYiidNh8Pu-PaJSKO98lKhdKfqzzgM7WGU0BfbxYvlnPCbuw5X12RDIW4IIzALaqX8WakAVF1sy7yWX5u9F8vsfAueC7DjcgDcPwwIbt8K4xmndjPdyXIxtM-HMGKJg2-mKGwBcuyvJUYrUd7lFUR2tedi-AKAjeQ-OL_ecVEdsPrQMe3hvnhhRu48MWYyTehddM7jTWn0M6SHOEULR-WovccK1A-MByl8G-kzgk6ucXLOMF63Yil_MFdXHHLvh_fHXjYW_v07tRJ87Fpmf_Ga-Wt5pZwWOZyIhpYLETxxB65JuFfpGHsXFzm4BC-rdFfWjAqzgUoK5y4m2iVY4fgvj9Wt3rHc_HGiIzZ78teOJavyklIZwckcCMBGhYFrqpFcExpme1Pd33gm2TaIfAVGiJU9evIB9XO8X3qjgEAfZjSWBOy53O9JuvUjHS_2QJB2izVTkOxYJhEZ2eWg=w1276-h945,,,"stable_diffusion,star",2020-01-01
star_4,,star,1,tong_dat,https://lh3.googleusercontent.com/fife/AGXqzDmOkoSm-bWLLUlE9GdqRlz6PwZ7ARnlYVXm5MYUD4P89ENSh33x7u32a916kaD30HbxYIVfX-pvKI4RRBOGxp83qg2Qy5KU8e3w2ejxkP5CBdK4CRlXwka0MJXHqCbvKO5PpA1CKUVqv7wDc4_QtThKabTssMmyRLpDRGxVwvS3SOzXGsk14YO3SQaMsU0UcXq3DAeScOlH0Z8eHfbJEgj9wn2gEcckUkeGuosszXulfa-ZHj8T1w7TW6NTP1-Qhdelc4WWALs_eDTwe5YBnNaYonsf5gC6AJHdU0eVPjEQDrf1Wrj9JFIi3eN-FCY-jNL_wZ4gzfX7pFB32xoKh5yrtwrDkNiCQ1dLjZVywN1Hbn101mXnb4ZxY4crKrG0uTFTanJ4-T1UPbHGmaJEPsHEkiEIfLW7O9mC_4dJPfNip9R04pyDD6-J2r5cT2q_ZVHwNk_EV4JmH-XHJpYweRHNH5bdGH8VjZlGgO-_yBcUfwa5nAKyldHijgu_033I6S0a_gvtF6FZAIJZb2LOVvuVuyvTCAx5meQ4fBDx2N5Ojm39pygW-fcdZg6qkqNgALBifgZ_ePe2mot1cm1LsJ4c2xLaNeoliYUY5Jevn6OUTU6L707y2SQkyouol0o7ILNRoLb5zG-oabRFh-P_QaM0j_kA_qy3uYRvYjbSlQc3195e9ttrYMiCueLmjxAV8cmpVPtHwKU8KFpuBPdxm79xDO0Nssnmck0YSB4uy43OHJ44v6oBhGvA52ydXDrbr-cSOP1aIgITAHfZtXGePT9tX9172YuCpDMW-AADFUO0ZIBxH2wDQ7xRGDLzzgN3jJGIpwTQzMYmo8yy4kAKAnKj8ZRWkk7CoH8bnRKBMzGhDp1muT2k4sBuZVdCxtVw_X3MRAaG-21wDyYjs4_a64OAhkLj126CDNN29idE49zf7iKfzr48PcdGEuc9oNX_xRdEUbw3cm6Q4ebn5ZV4IwBS8zq6NV9QhX-LRFJcn-yaQlQmJoaC3_trXoSU_OIPgI5PeOV4VcqRcYAo042z-xCBtyJIC9ErDftLiZneJTfYzYJP2XHgdcTE8jbPo9Xi6578tH58L5LBdx_tDadnm3c2R7Qty5X4Hdw0cxkRoal8KsI87gNvcH5oBLPvgL7AoVXnyEe_7c-xVM3IEgDICJcg23_BymqKWL_KEjOQ1_ZR5bVW_Z2ZykqnoVw3TVm88EdfNZjenGDqUtUe3Zy53jlwlA09CDUkU7P8hMBmOUqle1XCgaFqkLufjJKC-uUke8YcqcxQkr8mEiAIVA4cyZoctjBTkftVYla4ivYWwX38V64lTOdGNQRhBnzgDqMP21dhSVd73mgMk9DjNBvpxwEZBkDLQghAiMqc5vjgKOYURyP_iczOC8BSp_4SJ8iaLAG0OvOUkVuHag3UDFJPKXi5RaaSCrfTXqpQKQ1Xyr_0p4iTdtB-M7pP7ZLFvyyB1DNKTzOZohYcaUxCiFgqoFc3sZXxfJjCPb7g85ePyxC7RjqXSfZNrMSs6SAVSNwM_2XwGn5qQaKSVm7tFKGkEyAzS6r_0yEJ=w1365-h955,,,"stable_diffusion,star",2020-01-01
star_5,,star,1,tong_dat,https://lh3.googleusercontent.com/fife/AGXqzDmJbqR_aBNFdJaFzDNw4TEaELfKKyTHZ1zO7sc2bfUvGiVIRfE1kQjoOy1bknCVE3Fp-W8KFGp4MRywfcYu-HpuZq-VEEyybFLuzGEYo7UbK1K6jwDjaT4tC4K0qkY5R4VYNG8LZX8SzpPglo1MuF2uFqT56FMuBU5FSElxBL12uaKfdjoWDpYQC-8DnlKGrjI1XA6FO1zufCPL18gvAMi14wvJTWM9c3W836OSsm96mjpFYMvKAMJuGWC5beVt1Yc_A-RhUrbL-AUseRb7Qm_cpxJZ0WToJXUutbizevs6yTW_6yUsdJwJZh-zIxkQ0Dbo8orEGCNOmF9Hl1IrMKKmJR59_xx_dSAyhEnEZP-L2cCuzD9s06SB7-eloAD_sODwfy6MIuFCTHkJ624vx9patApdGMMTexZ679epd3Sxll0vSiMJ4rmfMCxsL1F2YRYZO4f2ZdpSGOL9Qu6h9lv9zdjX_7uybFD53DxrxiMRQtBh9O1tAJJXykrEGzR8dHpyKQypSvockYJc4tpQimwGCheLgzbcHRYzzWqr6FrGOQTw_4idmiNIi8ionhPQaVVdEJMuPktpNj6T2KD69YvEOEtOXfh12waeBo1fIB7pw7ZNstxVarGoHJNW8eD3lI9mIoA-50lelUY6G9o7l8DJ3dzv8Cp9q0mOrR5oWLF7cBLxHgqRfiDegVRpOqi8gZiJaeQJontO65-5kgZb4YbQlqJTFFyYLOxohbM5eFgfwdonrRE6-HaIBhfeAGGz7MalUKFwQqE3uYQrKY7K6WtmvyrW301DuFZPoL2jrdPMT8sQz8-BugpHkaQe48qPQqYqrpoGR9eSUdC4Ye5N_351MB05rH7U7zPi7IpIaVQmOuEVORl-LIb3w9208YKNf901IVZPfOpcE82ItIKxEY-BcNLMCvS9wygU9aqPZiWXQz9jbQtDsqgKOf5TxN7ls2QVZjD5ZVJcJ3P0SAaS8nfvDmPFYu1GLj6KYUqkIsyul6V9PmEVa8aKqWYuN5abnIzs4Ml9GcwbRlZYvJ-mcrSLdEFt2d-ysttkv7OONVBqTOhCawYPe26BXwNuaTtcYuztzlPEx_dsPZBaKqZE5eLXXYj5AG4cPPK2c6rKexbLalClEiQbQ7NfNjokujHxJCjVWc4NK1B77o4Y16N0VoT9jlsZVnMRL0t4v52IObuYLGHVd1MqETo112w01DLnNKU3bno5q1KlWkjB1-fu9BQO1rrhWLqkYMmdl2OyVhj8fPfVuOKnil1FxllfN6Sp202QL7oVR8KM-zyjdW03VYjJ5hTg10wHRtlBicVdaLomcYnezPYjDiTByE1upbWhQGuqWaCsIgc3n9HknpT63i3SDm7wamKIVr9Qu7YSjL4glBBsQTEB-2D-IKsgXj10YPhrkFZvY1_uuWNxc9h6CP1Oo60Nj4PuhuG4dvF220zZRl0Ha8UDanCkKqle1lCfLeq45GSNkQevquJ3rKddAcZaCqyo1WVU3yl9HwCetUVRbUE3-U-vvYbw3r6RbaxvGMhSpAEu4FjNPFId3KSev-yO39xP=w1365-h955,,,"stable_diffusion,star",2020-01-01
star_6,,star,1,tong_dat,https://lh3.googleusercontent.com/fife/AGXqzDkoHUF1liWmE1ceEuQxd_QBHToANWvw7TVPDZdQP9DCx9D-gvoMMAb-g-dYVxMtsiSU9mP1uoi88KjVmR4Zex3O9KK-oDm5EMI3epPoH8XLnOktORYEiNL4_pawefnd8ArX08XTHelHagOpnLKABOvWcf3X9HjnRP5YsEonWUInlBvWdMncm6OHL3VSqw_I33hxCgMdS3U0--Sok6RGuFlrYdwp-t-scevQNMr9PX3cLFrOIrmsp-sPpYfLVjqNH9XgRtNd2nexkx1H0dL1BX7fArrQ33yUN5rT4yedDIK7gJAQap8IhTk8pW0HJbOCqzuLmaYm2zFnNZ6KLd-yd6oEIdX3v3nYxd6n-Vr6HXYwBVskgQczYmAF_ZUudXKjxwSa2lqhNvKCOuBCeAUfwxehYZL5hEWCoyRhaVplC5E__T_okWYGxjXtJCKta8DxuRgwYqUH6Isctm-7UPAX1LuggvxvjsM4Tb4mxL1loVXxlBp18yp0ppaNsKcfmK7HDP9__zjAQxndsD5p-dHsToFuMg8ZVebSiJZfoKBMCPDvQdBtGuGk7C2AvHlGe1obZWuPU12KhEdhQ7c5XzH9Wm87mme0btjx2JKZx2lBKpPca0XWcgZlzaM5BFkOlfIx-GPTmwyK7SRLCXi3aeokC97f9Qw4v5Iz_OeyOewxojD3DtRGUZEC-tohW6NZhl8cbWgAXOd7jPyRnBqasVdvjebpNgmFW8XHKGjF0NyDgN0ruUZMH6kWgU5DgO1Gto3Q6sy0gCLCKAsNo0vMu2JhTJLhTg-f8DP0KbYFO3jIy8-v32U2UV4UigirkgTYRrmHGq87ZBdwX4PhR6TGGMatFCgoihIPVU5FTRnYJuzaOSJVlrgCVfFF6Qa-WnbnMqKo-GbDIoDL6tHFmoqEvXnvyxk3pZczWroxf3nhD30yLCjkfmQxn-PWgODzjNa1nj449BXRt-B6TneeOr_m8_IVVruVsLOyCnDtye97uhqtC1-KJiswmsKpYP3R4R3Qj3QkQ7yVvgkeWmshoJSvVbo0dqivzMA7iYdny-a-r0b11l0AbmxJGlJ4H77qFItVfC4UDBHsyJxeJ4y4f1wkFYjqK4wRnylkPpkHi9scZ64iX6i_kixX0pEiCF9xhJycYq14p2shQo-CO4p42BXDO96m56u7eY6W5SQuaKH2tkBfpYV6wHvIaRY6FrMH--0x4fFrln01h2fJC_MPNKLkAglyc-1d1WTl1gQkxrtdhVN4re_gYbU2Bww_yUlqTSDlstGjxU46jO0jIXE3tLHN2WAXKgVEVB0ZDoP-z7IbZtMf3VLQENC1sz2OiCUhOSPf9HLkjuC0jgQm104lNlefbOKo0g9UvWJSvcTM5qpZJ0t8spHVzVURiBxBiBcrvyi7Kwy8nK146FXtSJdsg-3dxucnnUK22-6EIs_HEurL20cS8eDMU2EEp3OJQ5k5xd71ZltWyFfgnTVYyTVdt0vsDZWQAQ6-dypqeiKlm83yKthBgjf8eaDP4f-l2CX0stdAayHPioH19R0C7aBazmxAJ3FwIbdPZvlK=w1365-h955,,,"stable_diffusion,star",2020-01-01
star_7,,star,1,tong_dat,https://lh3.googleusercontent.com/fife/AGXqzDlqHhw45H6RfwBMEyee_v3YpTHzYMWoWFkVFCqzbqsvOlFcPsZCsJXb5rsvizO0zjwANK4sPi3BzpE6vpQxFtI-mjAdtHYNPB3jlnG9Jl9H9HT6PkVCp8hOqpUEXeZWwb8pw6KCLCUGQUVgO151PC48a8HCLK3q50RFCOEZx-ZVtJKX1b3ZWUboIZSyH8nbnnq1qJGPwf50eASqpuicR9qrT_0PtlFaCFx5eR6pok2UAMIsBgiIrDAjL-UAhnnKbU8kQBEZtWo88TD66vmkSyuc4ngiz0L4tbZx4HYpvZ9fBp7cVaYJvOM093KEPijLIgok8VmLH7ID27USKOE-Op8-Dc5rOErzotUWb8DY8UXhL-MrT017qCzuyLum938ZeMft9V51QgiQWWmHNROv0HPgsgmOACRs8647mWsV_3Hep4QltwX7nnpchuQuqa53DT1Q6pGgPxAsGuVaoo-XL1V3--cYEWLR0C7PYK7ov67dIln2VD8y3eSVEIw-dt0R2me8VdyJTOG7-HcqmyrzjEMLm_Wh4cVsJYLyt8xt5QNfPMbmMvSnbqfspa9k2XwXYsUfF1b4RlOdAWgECRfJxk8E-UFdp2yPJt-83F_7I2Fbok-Rs_Ycj5pqnWBL7hXw1iaSSigsR8pigZYw9UEq3RRiKA44LhVZAH7u-4C9bu9m-91J8guJjItvx_EA_U7HcUzt0epfrk_pAyGU2QM8ZLzWogO4F5ebCYHxoFAQN0lIVG-Q43mrTUHGk5vYd1h74hL_MkwgYEsxFfhjXJF9CT7M4A8aA_2QcEHjv2QqoU7Or6euHExetuJiXjoPPVmrJAXVVb0XwJkhE-rixsHUHqSrqsvge8dLbsVyHUANp5e4bblluJexstrUCpl_GOhRY9k3rulUlvnKLF6g3o2ZvAHUehZ0vo8eS1ONS9YzejkpwALP9wgBevbZp5_Cy1ovwpL62-Ak1xVajd__7mwjeE810tGyvIDq-9KwCqlKYitVTFFHlwn1WOa_Jdi2f0_6NaZ19mWjjsROEgvtuHR-Wd5PlfYXBpDj72VE1TIXmERiVDEtp92osQ8qwufn71PShD1Rw1FiieVNXpx35CRCXntuu9CxXKmAY1haLfqvhg42YgvbX-dewYQHGmEKoaJHjJpDk05IjD2g8Oh-NOPUwfC2CeeYov2l2mVKncprXPtmZm0BoQkgVjL712u0SHcCIdTNp1DRztoJQXrSl_CnZ7jfuSa79zr15HaVEjko-Aj77PWrIW25-GShFmAbUbq1k7tNl6J-AtMHsBHy2p7UbjH6KdhVKpxjxT9xoxH35IORSD83gs13Yz9emzHr0ZN-l1AMbSGIfY04kgRgdIs_KFmMa93nfPuZIEi5nRnRHtlidWSfv5dgb8R7rlyyAYdV1-A1gsCpKDSmpMMt0autROJO4SMA9RtVaJMkDGB3Upzub1cVbjffyFaQ3cfyeITl5JoVB89TeVhzhaoJtpIo7oYdy0q7L5V6qWkx1uLpAkln97NsqWEFQOoWeGELyL7CmBK8g6CGQ-oFvUf8o1QLn0GKibqo=w1365-h955,,,"stable_diffusion,star",2020-01-01
star_8,,star,1,tong_dat,https://lh3.googleusercontent.com/fife/AGXqzDlUNuEssSv3G1_2bIeuoyQ229LRRwrlvTX4TUB2TJPRpbf6fSt9lwkkvbp_rmbayHSJms_43NZYqGgtwZ3Xlbkv4RXGfqPcY8B6YuteqzIZ7LSSGavG-WVglgU0aeDCRgwe2MQViTLuCavhaAM1CF3EtpWDJu4JP4HFqSL7h3Ftvx8UO_wCgs1v4DeCMTBRy6rMoo5ymRcmuas1zpysrDRgK081l-CrsyZC34g_Dcx1977VOWs2JhXXn7H6ecT4e7ztxPYpjcyhgHc1NFUtdaRUiP-GIue2PlBxUFnWH_i7n7d59zjVt2oNlfNGkL2VyrVL4zEqcRa11hq35mEX6mp6vDxJNjzn0ev1qdIaeeThvbHaYYztjlOPScEw7cFYj1-kuyr7Fmh-FCn_hhy0D6v1N7tDiQbtqPEvNKDFS8CLCzyDd3RbT2uuS-HXPuGYbLQwoLCw_ZARAbwcGlPOJ99fRlSjtEcVso032bXQDkcUj8El3DiLEAzYJ5x0hxJyhQ9pO_oqWgQSdU_m8wXG2XgBmb8Wl2WS6aNyJvdQJd467SCKOJ0U_o2McRPRXeMW0kw6zjkxX77O1t3V__HEobLAECcUnz9cO4NK4TZfzm0wj08-ECii9Fvdx3LKNwhmh0Mu7ZSmpAwQZTZOhCXwedOEW7dEG09MdhNQTY6RbORS75PyfoI4YzlWagZlu3OKIY7DwlyV5eFEXd2F2QrneUmyfNKCgOysOFgUmEcBs97pnYs_m2ad6pugmYYNZd5BOXMpR8BqdaQzdDom21u_IPynrwKiH9Ojz8ng7tdJFnf6_UWIqyPbhZy5RuNSE-TTBzAhApcCTT3cG5HF4Gpol7kz62N11VeQzUUbQc3IBZ89xX_nyte9lDMIq7KTqchEjKYcjmG1HFLxofJGsfLWlvaxvaKCXTDlPnl8eaXi2XvJu4DnxNYaDFlD97YCLGOs11ClQv-GtZrtsVz1IWMUCz28ZZPk2xO65FwZvNAu9no9X3kYaIA8bcbEkCFmnNuo5TWZkNfchFOD27WTcmdDXjVdHJ4VJEMOyn12PpsEitPwSTWO2yoDNh_2FpKNRbb8rFPNcClXuvsZ2MsEgd3fRG8dat3r8271S9N9diLjsYv8YJMYzvTlEuUOadk7KOxFAStsUXLCrasMhZnM1GzB5zdUMPxvL7fmKNX0cRubVf5g0WUp5XACUErS00TwznweVMNjQuJkMq4RwBonQ2bDTf86KjFVOK1maLjGKAU5Cu9Qx_LsmfKmEebjIzk6fZgIvqXELstFg0j2j8__2QtJaNhlEb8KuHo-kc7NUJFYvGzLoot5f-5Y-8gyUnp5QV71oAY7wpcBLKeRpswvvFlsoUgBY8yQ89htNk0rVArM0riJ85S0DbKI3lZrfJyU30Je2BDmhlMVWbhCFZO6PaGUIN1OzJXoMl4QH3sS_VQ3wJJSGBlnp3Z2c4tIOS0VXJZCXeX-Gz6Tioo-_TRLxQbhz-Ci8I1_Wb_Sc__W_tDQpMp9q-HWDJ4aZWFdaLo_W0CXMEngX4x90lOvYd0KmoD3r5mQf9mj=w1365-h955,,,"stable_diffusion,star",2020-01-01
star_9,,star,1,tong_dat,https://lh3.googleusercontent.com/fife/AGXqzDmj268vC6F2HcM1e8WklXg8RW8eAzP6C51HA7c9z7FItJ04HSm-We-dVvKrj9RUBkPDx7_Ln-c9GRTeAc8kV91c3OphZKDZiKdQunGMPn4qusawQ5BaEdBOZJlIzQNTgyfRS8UKKT6AFvbRAbcAQaBaa4ZOT0lIDiWYyXUhDaCmtqVMprrvmqhQgFBCLsHHN9F16jMvRRLdntUmsNIxOF6wJWqzsZ6LJvBt9vNc9pQHkPRW5M4wQofj6duobVhWOg30eAc9tRU7XDjZe66V30HxEqwmxattmZuUu4vF2_Nj5yh0nGt9qP_nLS5UR8G6a0hulwBj5CEhw-iTZfjFYHO4Xf2_H7Bd8SAp4kq6JYerREaD9EuxxlDxBdvIf0mo9JvH4SBYxlpzx4ZxPFPzWX19pJBofhP8NYHgcOFKAiV2dw8R_LazhOCoryYw00V7v_k5vSrySjJfWPZ88N5quBBKQVGhDhYttHndUAgTdyUwDTKGWx-BPZoxKg3GNkZR-h5qhUn5dVGCbDfGwKV0lEGirWdtRAE-p-iNfBtJ3PSMe7Altu0O3XzBsVsO1RresNuYUgE6abcdwYglreCX1Hc0yBj9aY9mP8UJB8kQGWU_UGN5dy7-7yWCF7BWvTyKF-qKki4VAnpZ7Wq_kRVUvE810XKirUTnDhPEuRuz9eIT5pqeQVWSH5GS7yygRG8zwucqG8zo9cDTpMnjIhdNxi831TSp5rVGZH6LcRo2vi7y1JGEf2YwcBcjT0HfkEjD1SItrXMdMjeZCIhnmHP6rh9dSJrDz8sfdn3sctHQ_UloHlC3hSr3JsUXNEjC0JGK2T-acWNiu_3Nyh85puV7MLxhW77OD57fw1_o_kbPWaG1wy-EHAygNqJZcjk8pR65sZyd743w3F_U_8UaDTXEyryVclhlpW3ViG_dk9ri4Iug0L4Thje-_RXslTmLp0FGsC_BTCcStWBgy8mPpbBjy-MQAmT1Wmh58B1B5zo6fKBM_aGx9KY3UXlpbAGQ60zAivpOMO9dZYgvwUPZZSo7hGTxCnO9aJMvc1_h3YmSu1NR5ktBznEYZJoRDrh0m4DBxDksob4wJhGUvPpkqm_KpGD13dtoUR_0AzHPNKVuvBZNpOvAkb5kz02E32wBKJvMsE_MOGb6e7ft_WEZaDEMwx2qrfwfOKsvcXCo7JUSDAC_66MSFWe3KFTyTL0sdpbrjuNy2ZclkhaUYlrya33KcnotxEKMmXDycmYBGH3Lp2oPodf2hThbwx6Dd99d21nE_FIqK6Mdtd1IhR79pXi_a_AujSqnsZyij-r_foOv3m2mu_9vM2fAP6qj_grHIhI-dOzPTlRObNvQfIlpzi2sJa0iQw3L1pxKigP6buJyoygY834JuhLiLWpO85B-ju7Q0dqtWtu2Xoes2jqjb7NvgGH53aik7rr4ZsHx0oTnQGwn3bgJaiEhtfFKQfvxsxPyCo_hz608mDPSKt8GxTs9kSwXAY3Pd4_amaW_iCQyENOsdVectaN61HIDejiFyc8z7xrg-ZNwDlg_p32F2ysP-JqrxZR0=w1365-h955,,,"stable_diffusion,star",2020-01-01
star_10,,star,1,tong_dat,https://lh3.googleusercontent.com/fife/AGXqzDl56lsQwOdVQeBOfV9uImBHof1ZrC2UPY9quevmaQNMYxUyRHS5oipE_dfBdjzjxm7jIZ_buYx37ZVf0y9SzyEz-cvtyAEHsqUmRluIFBGu6xtlRroWh-DKmUxptcA91tEInPbjIT3y8_bDZpiISKAURHdjYwjsrhhpjzCntd7wWieBsr1cFjZYZUmCXCUZ0avvz9YdWLwZBL7wvt__GK3nXvPMmVlO0QSZcfAqCmjhOqhDwZKvA6dHmlbqOMJv7d33QWa_CMq5m5z5tWUKHlZXla0lgTzB1SNqbdDlUQdf8qt6ANhOBFAvJHT5s2WbAEm3jTqXNwzVKTbUnH1xhftEwEBYlghKCXscqbPYTTz0wWU_JYRLcRrcidYFAzsIJuya8Vb_927caYLwR2Cw3z28eRpAmmbAvB4EgWlV0gqCxR-8jY-c2LbjaovFzvews-D21tj8qKdnP7FTZM4aPbFAVyJ4LJ9WK17SFC8sqM_Wd5QBs0ByJvOGX408wY5AfZ2z70Lq59GAVo45YVmzyiN94oaLAneZ5BsdaAlA-yGIICaW15oc6IuxQ03NVhZlAj0ognJkXbbiUq00orCCvj01CabMdQ1_snkI2B1OJ3QEz2YOzQd5KYJ58yGGakwlnWa6vpX9Pcc9J4nIlm7YEWYxPo7D6qMPiBUvZogserfJsnD9F9yJNLSYmEoX2HAauG0oIvsvnoJcKbhRHQnCrkhQ4itZrEvnqdhxo9iduLt9WHBfKK2FfQOOKxFolyZF-S3iam-jVm5x5AcU94IIAAv-AnLHPP-vUnPGe1i6WZehLws9t-3QSHSPq9kBGe12KncEFgsQOAumTb0NbCclhiQMbCQfwYvpXkOxFU3v75S0xVM4v2mlOaWrecJ-qXCvVV9zltR-wIRW6wiicXsEgAlqfRCn0jifR8h66AkPCGJNJtAYxS9UMr7l7PkEGh0VSy8q5HJCMJUVpBdfevPtF5s0WPvvj3OBDouTl6BcevsEA6r562V7pwjOCfz1SMpqRqKNJfD5VcHV1LNJlfjQ2RdduWvR0h7iFp_wjb_0Y3SaBN9eIWqVTGmKl-L09QhgTjG_Szl7P-3zShPO91OrgFGo78g7FDk9WdEegHf0Cwvf2YHpX7j1HtJNoVd8M7aQWlb0EFnM58r5nsQTwCBriVV21irjBHcJ8sDrfyIhG88z0KVOsoL0aUCbAs6Vm2FLGweb4zjTyUFD_pV6Tze2x2gIwCV6QyeDhEHMNrj24kOISDaJfAjcBi6pD_JGkdlsjv0l7CU5ck8Ji-fxAc49WL1qsv0rUx8hMBrPNFxWMd63y69mKUYeBtFCP9h-hK83-JEtnXrSU7SiYC61IuvYX4iWgimHM7KhxDCd_BZmRWVCSJ-IDIonwC15G9Ux4swKLaDlh1ldXM9kK5MLlGMl0qGydLAsQJf3MeyH0qGhZgU4hRuXp5TeKyClAgMGtIHl3DMm4r9depR0vUCU9qwQax_ZtK8gsnkh7dijKE1gDE3f5rYu4bnG27y0geR5lVkz4_V9KUep-tpSL49jh62qRPO0cLL5=w1365-h955,,,"stable_diffusion,star",2020-01-01
star_11,,star,1,tong_dat,https://lh3.googleusercontent.com/fife/AGXqzDk5ReGNJJ5TayZOvS_gZ8AAgBl4A-WZV71JDtQg4vKZRFnDDaSlntXSg_zCaZIxLhUsaAhvC_XlLon_8EYzyKJsQlHv1IX1-gz4Fk_kNtUZ2cb87G0RTGO8oOiTtES0_ktZNjDgO5IniB-TlLa-1qtPu31nkbbDsIeRR8UXJHmZmScPH8Uwa2dGsRHzkmGbJh6sSAjCue4eqbJLj31sfHVDq5a3j5QkiJzXDoz6PFs0P3BzOjWIhmr9Wymd0JvyObRuOan7MYu-ajg4yI16GGwHXT-1ktPFe9l2FiSGDRDfA9XHCG_uX9uznmEzlRzYt5Ec1qQSHsqhM0k1qp03cM4sAle5gm5NVF_6FEUdxSLsVjK1YhK2zUMvNxgeLYXQeTjCsG1efw_IHIRd-Ft6pBGA2WqY9iHnhdUU7xxN4rDdLmm5mLDipyYeoVY9184iyDMqp5Z5dXiqJChMe3xLquRXwfRgh-tQUVuy_w60nNYLw9CmBAmEHdqT-4thGdVtWn_RUdW84bMwvJOtQMmo2cLBhDAQHnO89u_aGPbcRBuN4CamvszpdcObn7nwl36C3f8vMecvY8bd1xvNvoCOFW2ZaXTgoWQAU1kBPSVuEtVUt_u7CdAGbqPdUw-FFMJefOoQ-ONArIqcqgAXxfhFaQJMifIEXg2jf_izWBQ8c-IoXEQ5VksOPZH4f1bb9rweuVB0DclGFIjY3acJwFONSZTd56A-ECfqiTFXmrtsKWXHCu5wD7fygG3dFJ2EFXCUGOQ0L9AMwE8NaOUzhQVuD4rCRRUznqIWTuSAu9GUSOdm0M-D_ix9EaDb9tmptabhtZ9VXsCwJuwP1CuAterZD8TF-CfrRBuZ3u8ac7haHOr5MCe2-mC3G6BMMR4EowUa2ZOJDxUg4ydaM-s0-3_3b2GXj3Bc6KkOkEwlNjDgpZg178ZLAYSpN3kAi4pWaLK4C8e-pFXyj9Aj5VCwgSzaV3qLyUC8AkCoNOv0yZzuNTOAewk9pJ83JFVtlwfhSmh1Ekg51NBQDcMBFRDJEaOefnLryqQ4n_hf_NTZNimE30IsGcNDTFwFtEZl5rWTkTWqp5ZO86B9II895wzBCB-aAhaZ2bypo9oOrfc1RJMA_RNUPysxCz60QNQPrNJEkHVVF1RqbUHXugWI6WzJAl9IJBeoRaIZwjnjNHR4jZXOvExl72cDlSMi7l_EG9vk3q3Jc4wHZN9LGeRUdRwAeXRVVFLkwpt8oR7xbsvEzYTIzwWgDSl4nk5YM349LGQUP8nSKMzPvIQWyq2V6cKfy2vu1gVpuvfc6i1bEPIEhKzzYeDHM0Uqhm_bjPisO49xmAa6tpznB5rC162pRFQyG6qm-ilnDVyTj5rXtpLo1g_ps0DT_9VHCawdkx6c94dfAtiLkgj2kwc1NhGKELfOMvuWLzt4QkKQEsu0mzjl67j92FfgUaSSV541DeEdTrpkN1nL0IaFwqDnpDjmdVPR9D88hGxPrlZ20a4bBlAGt_G9HBUMykvjQwmRqqET-FeS5yuSMf2fj8ugXLqulvysSbnfGbp-vCkY=w1365-h955,,,"stable_diffusion,star",2020-01-01
star_12,,star,1,tong_dat,https://lh3.googleusercontent.com/fife/AGXqzDluC8hrSNBDLMEcCrUDgNzcUV7QA5jljEwetoahcrcXjx3CvgcxtcBX_ak7biR2BkLg2hAOL2vp87S7V7XY2hjGidlVdnEWEUvnToYxk2gqqIvar_od3ALYaWHiuZGuc3Kr5VqqUbXK2XG3Vwx2xR69GWZas7hso-_-WrTy5QzBLgv51mUaR-_F-tX4ChJdT-adNEhicCKtHIGtRtcFi9zqmQ2JqHb6Mr-iKwFxjqEBPOnCUi0SGHGoQzPpxbFHZz08M9uvHH32njqwdIJ3r196DYuAhtawtDSRljrx9Oaz6bWhAtrJHXyxp3fdg9dRrcN7a-Z88BzQaUuyPVQx2iiFCsnlL0TogELch9VMXIInvdvX5JMialHUcUIMaxlVtfTDdLrxm0qESvX94LdOiAeg9QZQ9jzYPd60eF2N8YyLGtuH9h5bAo5oesnE3FMGI_JMDFbrdW6fcYLk4z9i3ha2tqNLFyFxm2LcPRbMMIDnMjZvyIrRVW5v1IwNQMUHmMu-H9JP4fHG727bXGtDIkbn0SmS0MbR3pALR6YaoYy5XkenpPHqyKJuA5kMvH9uluop91UdwvFOxPCLMBn6gM9A79zsLF5hKmRz-NjiSgkZfF7cd59X7OUW-NP7zPoNZ-A6aKctPkvV9quz6Cf5WMJKwQWFvP_833i3OqkbwNi7rNXbhUGMtDNhZucFjVeCOBqJyFaIT9tBZWKfizJ95MvN6n1fR9vQt0MvG0XpWwJGnVfgbshEUtkRt1lOOmiSvDHa8Mu7wk4uHbL1yQy5Fyb6n6sVYTtVIJpzarD45YzBiSTbBib-YgWyalJv_AEmBQvjU1UHUR9bji8-yp4_CyYMpvCLKUJ9tg-1yzCMp3cBy_SVyw4CQ9MUauPFiQmy7AMx4h8alhhzIpg1UtD1mm50jHYcLEdySzVitZbH11UnjZTvE1G5zFOd4dSLoLd1PQNpnEOVqF4zCtEecYLDo9qFaORWwXP8Vncq2vxPhuVqzTLyz7gwLTtfwOmlPEo2DSoD1DTlbtT1SCZq4DBLkoqfoa6S4ZxcmoVQxhqWqU3Kw2Qvn5YWtvbA8V3gmhLQAiIrsiCn3_LQ3lpBJuIRFeUkgEoiw8IGHHYAcj4gYMXz0HW1YQ30WXN20qY6VLytwBSeLCIFbnqCP7A8jyLXixUyAgKSpeft_mHdHXfOzPXoIrI3jyZA3OB0LEMGs55T5vdADnebx6MH8N7qwbDrmGCU22EUyPQS3VfOey0X2mrmbjiAZenyCxV0jCC7ombzWPq9pQfdoIh576RrrQ77sgfDD1bWr6aMH91QiuKX-YVtsv3ILzfZ8j3XltZVnXCx4m2Ik9dapKZytBgqj7uYmmTglH4XEcJtKHh9qrT9LCnHqBOb2LqrEaF5COsfWSfZckOEW_3-3lscUhfbC7qlRG-7fFtQNbAoAZWsZlHnl8sCuzKFn9GhwPaDbv7UM4f3nQnpQ0OSwaU7rUtcX11KxM3nQcgDN1Qy9U68Ytnm9RIiJWmboskRGp7EBudyXOwhBkDeQi-ktxlPRwGEU2F1NsGxjph2=w1365-h955,,,"stable_diffusion,star",2020-01-01
star_13,,star,1,tong_dat,https://lh3.googleusercontent.com/fife/AGXqzDk-db13sxNlIliIqTStrt_pMlvuLmSEmxyPRuod_LzaX-mtorORUUgMLA87P_71sETseCtXWwp-xJczsK7kA_ln9anw9NMmFWzq1B0sM9LLT9q06rG1qyTfWZlIRPZ3GdYYnr6vDDmBM_d05hvBBOwrTt2swvDWRDirSUFp4mLGyBrgETZZLVKWZbANX09Ql0WgRU1hy5JBmTaCAM5fH_WO73mdZFSGgRw7kFXPVdE5rlwcgq2tmpnckU_Lgh_CHglBHZ3zZYWy-bjNIPDz7BFkvc7z0srV9KHjBd3a93vc2PNpbZ9G3ANpL-_vDKrWZG8OvwYlc2GYfCWm1aVEqXW2lMKnn6J8A96oydr15Xf1t1CaCNSBZEqcPpg9MrBwLwwBk45Dlcj6Z_omFqQ8umEubrSEMThJjMPCF_xIP_C9MqkqcDfEzzkBTr5v3E9lCXTmGtDaCmwSgj6Os-YF0hevwMqTui_yrh4q_4vtJZlmVSNQX2PbAwT-S5TYlsDUbHknJNEaK_yjuxlSTg3xTaQHKXEOaxoQ7q07L7QfGOWHivr1QQRpl706Rl4m1KpiU7pxEm1TCXIO-4SjHPYiQ5KwE2UJ1YmMHmpKIgas-kCHkV6WbpwiVcZEZfyeqIPbDR6VOOZ6pCwsuTI3w5geOWRD8U8y1KmiMyPVsZTPqZIfBcprDBtn6y2xVqpQyTDURoh_sGyj_II63gRKuhATLLtNwZ7fP0pL5kioiKMUIvbi25vMzex9s9FqsIA6Z1M5hYfUic1AnxP4vXcQLwzDEK578CxArAxJjDv5w4xv1nt3QQ5zWbTct3nt8v6DM3k6snuzQza5TZ6LkLS9hDvBwtPlsxItTivOyO3Krnb20A4InnDSqEomDc0naapA2a4RTpfsSFcFZnqo9By3DlX9ec0KdmJUIUPRmMtxF-1OQqqMC8H4sywuRH8zzqupZ9O-T1bAVci0XAScHoKA4oa2n9C54Gmr8SFhSDn0v0DNwTm3Fe9UtRODn-oOg7YC9seeVC5L8a9atqg0NVvJxnDoa_V5_nUVxsTUcLKDx7dsgtRO8G2MdvtbNOx1Bw9mBbdKHvtwnknmoEOn5OejHU17V1uj5H-MRuLfKRkFIs-4cfcUi6qcyKylHeOAg91tVccGKLA65-04ZmqB06pPn_i6jNzNPYHQugbrjLhDkAjB6-q6VOl3qRqQnGNmqs_6w1c0EehPGT-KHCejNUUqzqbsTsNeVGKhjgBrBL_ONeXZ3fehGhwwGv9z-E9htbv8iCNyRG30e7ruhJBpB8d4qYnIUPRWGntrbXMklgEXRlb7wINMUI29Zp6Z_aKtq0LVWuGwMuOUThnPvmgFT1C8qMwk0VCVCtCbsRQZYDT2XU4rZ0UbP0T7oUzzq3OsXUh9ZnjlLSe_qiGwCOyiPe1Vhqo0p1YPhF_RkvBDxrKybmMx0VxdUzc11ljR5L3NznR8R5Mm8l5S4vz6KKu6G3sL1HzisCRmmgfDeaJAJRIVfl-rnMyRW5e2Kan2z-aqvrtoAfkDLdHzxw3yj9VF9qyZZvsSbbwZbPRC=w1365-h955,,,"stable_diffusion,star",2020-01-01
star_14,,star,1,tong_dat,https://lh3.googleusercontent.com/fife/AGXqzDkFDivJ4TRtl20GaObO28IB3oaIbjmx_T_txlRpNVLMcGYdfHsDjLHiYTXUNkSS0FG-V21HHHec8VpfyhFifuqAsmv1qqiydQkbox4qI51gvykOcLkxkdQ_I2wBgECvR8btbUcnzxaki8PIAIsP0QR2Iomd9HCowLp5FhtzmPRKqmmNnEK5CVFaWKkdjQyTB89L7rUTt8BvypjrMAYlGj1BlWoI8j0q253pISedXHkT0Gvt3jq2V3MW_srnhjAiznyr3xd1ZlSDX8dEK5vLJiRSzVtgqZKE--K96GOi0KPMW-TkqwSplb2zUDmWt2TLzSA-Q9inopXTnwuloAustHd6H3zi_hBca57Z1PKZymgp1KLcMD2BUBP67Ocp8quWdkYF0IkX-vbs3zCPaBkgdXUjCC4MciFWEVxO2dTy5L0vaEPljD-wQruGQvkRsqbAdQYFoKlGIT8qWh0zmRRoBoy9hUDM_9ela0Z0mRjR9-A_CemdA75gpSQUwvRjXDIuMGE-wlYiiI_DiT147nOCNmU0gkrYwk-WXc-xCGaSuTZtk8oVOc_ddZ8hkyzPplL7mz8us5h5t_XU6jQSoqpFGq_8imGn6sX9yOjO7jeUXXziGsCe9RBd-jxkk2CtApv52z1t_fwCRmeR7WW74L6KekFHVK4Ifslcpc7SZfP3uRLHtJds_zWJTa_xAiOeAjKMYqQ-FmODY8iOZgJjYo0iOZxSBbvpxt-t2URX-4e7GduU48qmiBTrNL6Xf3-_lOvG1nb0QZCNkajC_B-hkGuWSH5JYIUoRynTpFQ4wojfauVL5mNfyE6dbUOF4S_nT5Tf2KC8mgksVG8hFMvt6PHfCpFi_aPszak51TXuOIDN8iKQlDkRJ_Ui7PUGP6HEU1OiDtjYzTz7vloeK0pkF1XyHQ5VjoZNRKNrNkpHtmFflNWarCNLLd7vsoYX8KrIx3FncwuthG_zOPpyyWb5Ni3mszZ_OhFuaOWBxDU5BovvA1AEgYDxmpqKO-aropAoAngKVVid4WZFReTSKoADc0OGT63s4JcWlE4Icugb4ol3p3i3WPyhg-1ANgx-tgpun-NmAswVJy4dT2hBYnwOwNzEQAnXSCovXEEyaPYAquS0jy2nKPVghUpNTTPhpqgRMByEa6ojznxrcBq_r-GRj5uC2wEyURHrk5247mac8NXbI8ct0OukgDLRO1tucpEdcib4JG3SKahYm-3u-8hH0deTZJ-Q7zRJ4W1HyiJY4Ct2YXfRriKYcd1LswK67ALzRmpigf8hR7duiH4sBqF2_r5MpnR2mBdhX9XlQku_ii0dmK-6WlbYPlj84-Icgu_rKbA9YEebLxRLqJawF6RIymPqGSFeGysR0o58oLGCMmNP86tQk4Wzg5MPcUAqa4pHFtDUHmuSWM4RsroH5EasSIjQu2QTqSDF37iM65JVgW2I4x4uNN4rWtYT73RgAG8OrMbofaUSuRZ9EDaMF38JCabvsNrnf-1JCTJkZAqNGwWXdH8C_PMDTHn5CUMKBQM1iidwCkjXqoC1s_HwCdhpfit3MXEQ6IlN=w1365-h955,,,"stable_diffusion,star",2020-01-01
star_15,,star,1,tong_dat,https://lh3.googleusercontent.com/fife/AGXqzDlwqCb9UYguSGnMatnt8gzsv8gvvBqHHoYF9B8Z-Wzr6dFsZKtnxePsjQTzhiLZclR5mjKUb-J0Ls0aQA9f85VT_Pit4f0dyNbOxQ-WJQrQVcCsVn8Fbmft-dQjT1p8mV4D5R7tqK7N0PKaPe4_mt2q4qHWcAIX98goZNp7LhyeMFzH2FSEoJvh_MRR1qj4PyxQwtIB8LP3eqZJ34mxoEGw-ggOjwABwUCaqSFHqb0WgOIZXEDH2_sW0ziEdv27LJLEHTNeZ93ua5yo9twaIstbZIVHHx_Q7DwdTvZVB8Gwu8HdehHq27zHeW3-3Q4g3TvuViAJo1-gu_XFtFG3O4KZC1Tq9lEX3a9NBdGrnCq5ndHVxVWEN7Hdejm0Rq89TBN7Ati0ZeLej8SNhdNI6lxpdndyqY51ybQ_x752t9izG3V1qYn7pfQN5grQcpCj1FUY0SmkFmusmpBI0TtfQvZYYqlH_1ioSBcXHpApp-yisVfU3OfYlmWTQUrDqYn2r0mAhdr_YaPEdcv_zjaB_3ECONxCqpHi8CfJ_LYFhT_wupYdTb1UpXvg80VFcv7MvM4Z6xoqZi9kAyh2RKdasZ09fE3_2gtRdmz0k46Ebz2Ly_QS4vIOf_OZHa_RP_hYk2JNyb1qS_3mLvZEYYdMkXQYPkd0cbrOXDsqbgIpKUaHnUtnFr2CjhKPLb2zK1dS1bgkiLcEAy9lsVW0JsSI-HUzIZR_RBDY8TYcR2PLm82OWKxKlwd_gSRdw-vhLqHFBzGgBT0i70DFU5Mp2-0x_0BX9uvKnLuDcOv47frFRTHZNSekioRrDLx8bO-LQC9iVLmSdtODDQe7CCwscGcOe4nWAF34OAq4FE1FuxRFMBsi22mXbYaK9f7w6HfB8POMN6LqFxWf6SAYevSJYEuYV6dNQONbwjMfI8v9xobOKjMxrmw130FzMPVVfXVnJqz0KybRzgrBEZJ2w-AX3E1exWlHx_HUxHtkoQmWbIBUGCfTzdu2VjtkY-46J4Mx0M1id7XdpA3Sa1P_PvcaJGqBGyx27xF9BTvEmEkSyx983J4NEzU_hKmgvcdeNt5uWYubS3ilClQ5qBpbWqy_JUG1qiUITEsPupBIpBdvtjCmLdTpZqq0AU_AezfejrT93IkWK16p_0sWw9EM0Jzx9AwCPpY8sCTZAg5WiVnRDFigAUaAuUhU0ac_nOIn4u5mW4pLMt3BDNLNNoQ9BuzcffrMJtKFoh0NXYCds_N-QoOK_kVQ_GYErzHOa9pPoj7i8eAPQ-pZFJE0qLHjOSKkCETQhg7R_BltFG_2ym5Xj4AYSWchM67bnKgd-Soz9ugcKh4HT4fvy_cuogxvevCZ-07tTx7xiisLpIPzyPMOCBwOLjwSrD6NcJUwOESB8Rj2NdvWgwt5r0KqZ_S8CqLUo1wxotKjAzJmygtSeGLoLnYPAxfhKaUpqD8bm6uFF1cqYmI-F9hdfCNBK_ByOFIo9D2Oesz3k45nzF9mcNQINfds-3G1MCFStY3jjdyyhxpfXo3loChTCoT7DLquhEjsPB8Ibye9P6Ny=w1365-h955,,,"stable_diffusion,star",2020-01-01
star_16,,star,1,tong_dat,https://lh3.googleusercontent.com/fife/AGXqzDmPhc16SSbSGwriJPZ7hV7p-lMMHjMSpYsBTYphKQ9pBsBQgXkBEx8T0gAGwfAOqlK2ohKtsE23i8_pr7LU0dPP2wSUxAGYxum0rvKwdHDVchh1_C7VNpYgmZsPwjpCRd42-yI8jmZTQObU0wIGh1h3WvRcWS5U1H9BhuWsAHE4EGlYUBlSpXtq4pTlNM5g0SsafgZ12dMEKWGJvVcNOkQkuCeEZ_Qim7RYS6JUFXUfVnajLw7gPz4WrCUiW9y3xpBrYHKXyQ0D0yDWz8WXnhPjyxYVQQqBbUMiq7daX20n-Xwx_G-s3mYs6j1ZnxrY3-0Hcj9BI_-azxrCRD8FQf2pkme7UqsnyxOezfuEIIsE6kqlyi2Qk4GtPx-vrNuWgG058jV1Q0--RirsZ-EROx6ubG9VLc04WhDCz6vd2nIQ22nb_RQdSs78IxkjjTPT2N-wG8GCo5PEZ-lQlZfLS_bIyLU8W5TY_5PDkoa12e44SZYOG2KY_-ZbEygVlh7TwmEWwwvImykFtKV3L18o_14Eaqy_M9vstb8Ruum41f0xJR8dTw8cznAVxIMpQza8M0LfkkHM0wh1pwX7oepUSY4ioLZsi9PCRe1tflVQ5R_AivkRObC3apWt-DRwirpKf_2bATklCug8Jr83T9wHG-tZ8KdXysMlPF4_9l9TtOhCatNklAqj4IKSg7BbKfOKV9BAxgQffeJJMYWD8EJhWqfCiGj-md0yYkmX5p92nvrn69qioEGEwCp4MXXMyE4BxdRhY85Z-u-_DwU4SRE6fKwVlZZZ5HQwmYMSXVx8b0ka8uMgTEIoIecPQKBZhj7FR6eaDPQZb-LQd4HiGjb9xGRv58Psz3ufJo28D2r13mxC9gY_OKxYm7s3wSGqKdNRKU_migidSHq7oqllpCiA3Cr3J3XWQp8--SRfJF-M1JPMWcF4LEGqy0BQfiPt6ScWsBr9iSVUqeg0uCynUWhDrHM3kywmKxPCJPIxLFOS6MW9TM3eEFjtwSFWPQvjkJlYK5C0BTvkW5plpXD4yrPHONQE7pniCH988Hhm35p-32S-UizX7nqXILAnVpf5oDp2EWv4uyrhwKg7FInvp2hTOafMwlhA8fIyZn5hLquQG9LCG-MrKA_uRxxkic4y-wIH42X4q1MDQdkpZs1m7jPH4Ply6eDD93PnO7h2fZEISDt6sR6f7z4m3dgllYNJcAjegI9TYlns4zCbwdvr9Xmnztn2RoT6btpw8x95iT618-bTsZolnPLptLJ8N7utwe69L_ZZ9NzmNexrT1Ogh3WJurVdUZBq3oy94N3bW_RfpPOdmSlb5C88tktMYGLhQcKpnXSeifSadqjJW9wRT-KsNyy_mQcChesFJG4Lv21MIfnqWZgq82aU1lm9aNZHmj4CP4tIfAAo4-aVxgrkoEtJufehH3hWwb2rlZHCqv34riHrisu0TVidsQJHGQxU8FC54N3-8nXW5nP9zwOL7VeKVvwvpnaLQGKoo_SayEXkUvx3_V2XGfG1LFPv-LYnVlkfVnzZnuvoViN_9t8w6L2HsylnxWp1=w1365-h955,,,"stable_diffusion,star",2020-01-01
star_17,,star,1,tong_dat,https://lh3.googleusercontent.com/fife/AGXqzDnuHmzojqU0rHrOd2lTy-V0aEyS05wYmXJVFf6pGf9Rece6i9vE4cD5riAxMok6jy_EZ2zi2VDcz-03UKDIhXoZ-f5r-lulhjD2Wi4lRXtSMLL-AAxHWZdBcHAvFy6Qi9tncZR4LwWXYO8hdk6-BsBEzchx_7jMmlI-juofqQ7C1tA9OylaR1F95jkwJYPjqb2kVmaQ0hIgcPJXBYbNLHJBwduLreuCJsrLI_xxkPr3cQqj-G8UFXEq0K2t2HhiUR50uWpFhiXW3YkPKxrYN9zf9P8oc_TOg_iz7KoC_FF5yLmhv97vlpBCoabGXs23xnNdOHmZ9RHIw6b4AwzHLiYtaxHV50HYYo3T3qLaE-5wbm-5-4lm0qi6b0H4wLcJMF3mD7T3AQNCvgkopeanykodxUWziOSEbxZm2vYmcGL7XQsEWy3PQbarFOLnmxSYRQuLN7Xs_QnM8D29OOUjAvziE-YTVoynnXhQ9rJmJR-t-erMGauqrograyeX_Sxei-YLmZ0htrVXd0M9xSef9q6TtuaCYRlChBjTrYK9_zAD2OGTyfIl6FTN8d0oJXuD6TH32MeifHtPn82sg4Pl6tuK7ry-IygZwkUzJUJoav2_7sbY-KLKVdlQFDdCeFjV0Dx3KlS9HQaQed59JihAs6wPzbVfhFatsotkdKnhRBbgme3k9smuXV9vBoysdXQZAn59B3Kr92JN5M9WxRBhP5PYrEliNWrFfM0turBdh2jzn7BR3u-oU5nesHLUs7KXJUbpSKk6_KmweH0Q75Ec_Zw1ZPaHU7zp7K6i_PBflqYkF5ZUQ6SGX08xfPfKwxK0PebJBP65OsuG6emNFYIYR6cFBAbxlrQtSSoDC2lU09yXVmhRhUigDTD42aTWhsqUfp_KD4cSqbeBIqfrRGHB_320sjxlvwzUUxwCcZBhxALg_bgEk8BVz2Jfz1sRWJ-_kdSIOmuDqsPfCkf8LYt3-g_xlfWw45tfY-wwdGvzZ7psD1F483r6Czxa6uxYSttR52QNCIrVfaL5mDVFlUQ2tx08RLPYaoqtWaDjVdjiEttA82VqUvfrx0sHX0w802618oHlxbLKEO1IasdiV-og27D6waOVSIsgBhxbF4O7RYPiG-thKM2wA0dlkCW5vdqM6_BYvBTFFevwtQvNavvYImTTh6ROTAvw3ez9i5WgIDuUaatqFRMUkQLlXxyR275WLx0Bhz9msZN4djjwlGDLnAICsQQFgIVvagJFqrCqOKS45SelMiNJNDWV_xz-XeH9vRlEQAD0yNa3lAVVOdGXyY0vdjErM7Lgm1X1VQZ9Z9nj9IG9vpWuwcPBpO5Nj0vQAmgWEGxALVmbvK7vwdWtSU3HBwLu33EO46QCyEMiMahOhlGl53DXayTsSmoaMebkwiN5D96HCXolRy2q752NQff2ZmPHh8GjAXajnIRioNJVifMFv0WLfnE1Gw5YczCpQ-LOBevovu_A3vA_VISMRtRrHCcJTYGy8nm1XEalvFytBlgY1S02m8FBKsRwEKhel97bK1yfIS9E2RTYJhj_KjxqyTah=w1365-h955,,,"stable_diffusion,star",2020-01-01
star_18,,star,1,tong_dat,https://lh3.googleusercontent.com/fife/AGXqzDnH9LwUyw5YEalSJfyudDdhv55b_QsoIsovFJBHrRky5lNbKmi9Q8io-w3P4k3kn_uDvJt2_ccJ-8KjYl94Ez6N_LlzYGjGfnzGblnJZEkY4CfMvTDYBWibQf_3FwprtJXStghP4471A0oh03n4Q0uvwBtz1Dbz6xOnHw872J9a46g_sGQvOGm9qbFaumnLApv_J-wPeqBnJcHcvgevbH6e77AH-agai5EtC6hktHDI-Q11m5xqvgkvpq-JIEo5vNxDFndWA-nBPqq4yGaW2VUULHfMksTrMFqrX-cRkJX5dsWzqeFfycIK1tGj_jphFku71uWD4uuSWLU3uE_wbo6uVuFoV76p_IpD-Neu55QpXt9eaW66nqEjXLHBJ6zhsV_5UeadlVqb41NaK3eE1_m-sRGLJqo8LJX2b3fxjOZkewmm63OVZDeXYquZfj4OPFL-5M4unjmfan5dDApt20yZhVdtOEQvbTtMwfp7JzGmh7rM7Xtox8bMDljwq8C7-ultooPswPXKWbTZfYrSgfyQ6gvSgP_A3j-WgnzOnVym5Ja_zcnup3MovJfwY3kJcsqFQrt5s3hv2Egy0A3N_qMI_AfdP6Wy5Il6rFaCcXlcmP_XUBpEiK7Rk8Wgqam2GtJKpBfuIiEjNUySyhfeNJaYRRvEgMImqXrRou3KUUuJTXrP7P3m23d9KDQ9q_QzS31HNhjYicVgoQuHi4FG-bYdbD-F71OXADd6X2tRxCSBBTMCeGJTQzOnpmfXyFFOisClMYiZvsJeeymDAZSxin9KXvgNSltsOwGlbPJy_oQ6k1XtbSFq5GnBEn8JxI-kmxCJZaIe_J-BFEf6bTvBlZKwiJS0NhNw_yUU7xh06fgYWvQryY_owZEhwy5REUZXsWgs4exJ7PriZBFx4LDB6mhnRD8PZOsLSNlpwT0GsR5LOSYGGL9cOfzOQtzhyJt4_bU3fpelEoV2V06nqu4z1128wIPA3otR2ISfaBmmvF98plfvBFxwVq-9_6gvCz3WwvBg6Hl0cnRKdgXeoygLHitQo0gmjFeOR02G4vm7uUxoXahC4RsyQx7oOb9r9vNGEL-Yibfxwntb5EvYf-rNjtB_kYkoP_wCmWq_p2Xcc6GY8JSJiJ1ezK1Z2IHvb2jVf_TyOQuW1erRbb2qiXw22Pus88Y2HkkmNBGb8MOq-B8RkQtnkcS3jyTi8IJa3OBZgW37cBFP9C7TEWvfYLhxYTQ359IT8Yw5O-VCVERcXAwf3bAZ2iX68lHHD_zjI1ygB9rkuEmZkouOWOemN2hqysmblFB4HHYBoIAc9x9MzWgJHP9WzqCq4sIatknCf97MsiY7MLzb7_4JaDHaBW4IoO0-TrLvPkfJbhjBPWqWFGK_0GqQKMrKZLTwIpfHzLgN2kRi6Df0nMyKrkyrrY7K2plp9RQ1t1HRCx-9QQpPQS8g6fTnHkOHOLOfl8K-qLFRavQC50HBVWZ314GtkiJywyQQGXrGaP23cRxFzOErkoXrQ7GkT6Q12FrIAKA0OERknV5x9_XaZSE4p8zwa61nLBNcgihW=w1365-h955,,,"stable_diffusion,star",2020-01-01
star_19,,star,1,tong_dat,https://lh3.googleusercontent.com/fife/AGXqzDkM32OcuDpox_cT1caQjOKjH0Rf2Z4J9XI40c-OgDkCkr2W56QRwyhqCgx5oX8CFTsPvZxaQ0iXpjy0qY6ASxeuoRTMMeF4cxt_rdWeLD_AC-WNSJEov8Zl_JPE44WnTgz-Do4qHnG0EtQARNhfPLkMT5x6R_yG0G7A5v5wJFyM9MX5NFMPFtRcM0RQucTmewtqmFh_h_yhIW1M2Q1u8a32XQpRY-lm004eVMe-muNx0gsjSvNkgzpqrc2niazz3QDKXbB2Y-3rOHJdt0qO9AXrDZMn-Ej5c7C-30QgIb7Bhjohcsd76tYlJBqusedUNpXYKaA4T1kAyidNPdyv4kt31kVfNeYZSyIZpUFy-O0VKWm5tOr4LzgwLRl_wP7vMX2EbMrJQ60QBTPABlccCejdO3kelup1AyKoGXyDgn2Tl2kHCQe7J6mTyCwSN6Xsbmsm66-0Tm0q17ZUwoEXNAEf4P6IaoagmhY0kfn88v7PPFF5YWeJnuS8WxxT4nZL-CXXwS7yfZ-7QhGzuwfbi87AMGS0L4MOdgrXySxU4X03dpHGTazxuVQxQIQRpiNmBFtPO08KZco9VB3Z0czGKXIYPYh_MDnq85ie-R-4a1VPPWdvuibwtD7ONkNICgxIJaBorhgkOjk-Ela0uCKI4ca0J0jPDNkqfd8_zDZXxxXdWxk8XScLvqY8Lp3clwhpdxgiT3TX0KbNm2-16dGeUV4dPBiXt22k5e4ALH-pFOt0GeRnkkUnt8OqDV-ocyRsdstxiiXyMZ7YM9h4FwmJW5bETe8Glg-8IoxubOUhXoREVq7hJJDjyConw-gxIcgiSr4GN70X8UDn2YE8c8fX1w_dzHNhG8kRY8UOcIRfMaHsicGeg0-IOMpK_sRGAlDeVdny3FNM2dEDDC82uHuhRbW05hOj98An-DazTmKfdl5FfkV6p3MKCP8WAaNPpFXlWbvX2oluty9w3uuBZjmSCtxMpRmJBNeviYj5uO9eIyvMHh9rEE3lCeNUreN4_3jFInRaA6RjCPqRjdbiiIvHgu5Z8SYWSPOoFkP0v9tNllTMX21a2JIwEquvLsy43emnCWz-urb4xL7NFjDF_A99zg0pEPr2TnCuszSHRAi9wMbhlKefOME94CjQTB3Tc2-tWoYRRB_N6aoyOhj-SsB9Udxiuo2oJ5tp2Su1MNs61ntNjS1FkesC5A32mFGGvpfiQON9nGWgvXCOZyiy8OE2Henz4z7DreKZLsTYgw1U7fFwgsymM6FMLgF0EnOSZWHXLu9ta1Rrc0pAkyu9LHVugTB7EOrPGx0XyI5cFZQCzdOTAg8QBiQB0CBtGrkzC0TEK3eb_6N1VrUuLrymry11A5qPafDFRKgAqLvBhImcDuPUjWQ1E9_OHthNnFy2dIa38l3GAKqRuAbfkSHvBOMrh_uKGe25M3qQDwP5lgpH16CMrvbFaLDXbdozF_LQUAM0NOb93rAiJzIdhUzUvM2Po5ZbVLCsoF1oNIMgaerpGlGebh9BV7hE3P6AODnJFHKYBvq2DBmXPreYcMEVpMPazGJB-363=w1365-h955,,,"stable_diffusion,star",2020-01-01
star_20,,star,1,tong_dat,https://lh3.googleusercontent.com/fife/AGXqzDlAQkcJmidLG3pl75SNLhlpG0EQYtijPoKeh1OxRKV80pvEe2q2Ky2Pi_LNarjhKXJTs7eWocYXySpM2O67KNj4UgE44m22cuftwXKjWpm9YvyRLvG9GlpUJzyTw6FOlY9E2wx0DQffoOGyRravS7bZ9PZMLTz1YALVW_qT1elt575644qkNxVEzX6hoRbMUdCVNZQfTn1Kky1dIlnjH5ppOyWPkW1rqLnC1PiH3Sg8dn-13kPiO9K8WUc0_IP_XEKFOJ76_6-jFYlywnOBivJN_lfAJghcQdbNcCiZwmvNhpOdeutH1-L0IDy4oBEIQB_1mqGMsqY3vYWSHWPhcCWKz3vdTMJd6ETC_fifyIIcsE34C4LwyUFGx31C0dTeAnsDE8FpfFVMaYcwvbkymRJlRIhVwK0l9nH53tE0dl2VemRIeBN25Vt-4v7kLX6LZSjOD0i7v4QZOhsD_YfB5rtsRr_w5EoIfmigRTChdMCxHpPCbLFfBf7EqCx59ORb8BkxvesGxlCZsakTs_9aI1nrJHB-iMcLaJkqBl1uizN8LTzow0bvfo3MMTOXjPQ6-1h18j3A6fUZSP0bC-XxVfaE2cWRjICrZlls17ecEevWw87nSF0UbBQaXuR20_F9GBrGBFI61_SCYePQTmLw66igborDuGpnhXf3eYQwH0v83P9AX4M9aRNKvYcx3s55OAbz0o26LHGdTAgx0mRg8ryLFoPdCYUmPVV1OVjF67cxrM7SicTasgfvh7Dj-dYaoccgcWnOHzQha7g67X1uC3phssN-g-QQ2cFkGaBB0pfqA0b3-Df8bErxSS5Xudoe5WlbI1A2pJraEK0GhgdUSrkp3qjMcBcPb1cQkMwdct28zpfeGznJg6Qn1C_oyxjW2Ol2FBuz2Ph21B6Q4gVpWkLoel3Y6UN5vhFASLv54ukyxYkaq6P9xb_lhLuz9jIxfS8A-NQl6N3qthBDRcoJNpcJWAz-Bt22czS_KCFPIpcL-o0NBqUHr1ZmcMX_2jhsrCMHw1TeIuE_u8EX_BCuwnmyNkLtXKJH0Lo8rzK6uDTDps1gWat2au5Fju-OoevatDICGR4f5iKcl674PA7wNNC3Up_HI9LkZDe-JmNHEFq3Unc6U5UXEExLva9wycmWMZSHrq-sMhYAtpxqfxSOTDWREYI_s_p4JgVMN4mywlmMI3pyALxmjQGxReFeYxumjGDY82y7zNfyM6OhjWmJDCdf1hATgfe9gm3AQhkpzOTO58MNsTvPEoYF7STy5ZGbspMdkcDmb4Cn7EAVTXXIwSmEcorYuxS6Vrv9B62_mub7h9qqpE3OjKPbpWWwGeEtacI9QaoetGgpJOaOiP6Qjpde2l3CgoYF6ITUqFyeiJuPpKN2jNUqAsdTQ4vugNb-xPHgKsMqffJaDoXfmuXFl57Q5O63Y5ftfF9simHfpxAWtDUxX-khxr_ZicmXBNVOeBhKuEMV2-lmgR_dDUSEjHxTXqVj2-jvo7pqgFlKF211QO5wFmwF14VcpPh-Znr6KOLVhFpwzsgxOgHBXMPMuB7T-0v6=w1365-h955,,,"stable_diffusion,star",2020-01-01
star_21,,star,1,tong_dat,https://lh3.googleusercontent.com/fife/AGXqzDmC9Crfg7nR0TgQkNN3lYfYUYT71ZBwxYXopwHgecLmTvXKAkftj-J-xndLVg7YsqkOX9rFtHWS3a_Mp_G0y13s_qJnTsL0HEba9UUzEnz2U4_B-OK6pT87S9nS35KYqN2d51c20aS_0LYSqNWP8FnL17RZM1WoI_ms50WUQkip7ITX30lhuksogKVc-e8hwcF2bVgJOKO8lmisqGZXf9_wiL1u7vWj-Njdbj4S2akP93x5zWznXTjpPgKHtqFXQ2W513mnId4zJc4viMpcG1a8JFlm8GuyY9-krRp70TzKwogyvfDKqxIjCkR16hfCrU1XVbU3Nst-0IGO4iitKg48eXWLMM20p4s_CaXTGqhbjTZwtQ_aD9zJgI5HDIB4sPanE_OWUK0H8ZTb1epC6bcWdwFyXyfqEP9FRqgT9xDIn_cyAvQVqV7DHJWdicwce8z5-NXibN874jEcN6kneXpD3Csv3Bpl_vyH99PFqhVXm5m0VZPpnVmI1TbGtg_DoFTEu3tLqmlBE18g6TV6ARXFzg_NHRtChyu5JA2FWirwexPrZWtdEuzQRdAdB9-YQ4CHKsZ6RrD1xdCN6Q5lyy3uJl_-HSvF7Pwdyldd8x3yjJYa61FcCmxUoe8LROFJuKutG3ZU0iO75TVmEho1HAJ8Z33Sia7CPojwsjxS_CNSOQA2mH_HR9TdiLBo8uyDZ22SxtLiL9HQwvTA7S3tHfHKpoQlHoJpC_e1bJObTuUvPYEHDbqP-m1DT8h2eLxsVwp5agm-rPjn0QKbfBnh4WE2UQcFQqE4nxIkvRcKauHcuHhs3c8fcd_KLyfj4ZpsCV8q3WYJMPpAqI9VmTumEfrfG05JQ951NaOePv9J5y-LQMV6Kl_iqTEgkC0O6eo9luk_o5B5dnOAhF1_Pj2pPmNKWCYfKc3vk8w6S1JdJsQfxMf8cv4Nl8oJw-59Uarvvw7RIUnfP1GS_PuwX4vvvxBsYP93sQ2v7O8UByjenvpPDLYu8AsshhW9HtDSHOLvYhRZQMfbarA3FXWz5HBgvUaQQWYtFcHq0USZ1Iqcrb3Za8VFSTe9b-dxWemH_Q6jwb8xT3HcHR9jipy_cuZwu37qF88BxhYPj1qL85hkbLH6HDje2A3lnE4v5BhbOLk_oR5260QsjQffrF6D3bNHRh34-aIKajAzviLFCpZqvqPcbgEngGuJeVvtoYNFKDKmKJ5sWuY9As1h8cGBGx_4kTbaNdVIfnHZd9sKTWziD5ekF7X9Iz5HsMqEc4vZrxHrcgSgxAAJMfOCWmRVyZdZ48-jG0LYgUGo6E4Gfz6T2hUH2DsXREyxYJ75VyqvWCFIRDagUSWO087s_2tcfYwpfT8-ptY9j38X-rXf27Ms1S6qi8_62VFWd8C4YADds-PlwLbh-fQlU02UwQQl90IEDDVSmHipEFtRAUc_HxZW3-stjZe_AbLbi3ver6faJ8xCPUwYA3vbnRG3DlFrTCABMjnMzagM92LrvAZOGYk0SQZp1misDc0cRoZYVSmoxNycziwgv_yQROuq9AZJ2QE0y9XGsf2v=w1365-h955,,,"stable_diffusion,star",2020-01-01
star_22,,star,1,tong_dat,https://lh3.googleusercontent.com/fife/AGXqzDkw74DTQRC_cP93ZV8lqelrhrQzIv1Lr9x1gqtSJ-VseHZZmbCTAgnUdIZ6Tr27GDND755C5uVjtQzQE3hdFjz3EkJRwgXa1IPhBh1-PXwdVA0L79ao2qX1357fEC-1a8UdE3l4qWQ6XZcnC-fr7sPjbePGzPBFzBGCPvBr9QmOkguKVoNEc6rm1-tsV8c3lvjhvh2BUJqaj8RlM5SY3tvfX-qAMPyYd8JF3sWYjCW2yY0x9Lt23DYopHuDMePPMGCZUfQGNxNCur12aNA_XWbQk6G2JrGRQaw989kxF62E57QIdmSVJ5tuN8GaxiEho61JF0pQ4rJDXkgyHW5Fo1TkYreuK0XY_aZGoLNC1cgDX-92AdLnUl3JnWOec579X75gGiII8ItX70ADBXG9vFSdQ2IrAug1piRm2ZZBXGxKzkt5MdJ03BsWSWoDeO6q52D3VZMX3my3XeZW1QDNPOZKxpc8WjrVMSWE2AvYwMAQiHf0vGJdDKBGTonR4RKS8uqD26F2UDXCOabKi0a7ystfufMEQHiMXM9ir9dplcBf0NsISMfm63d0JnVmEPiuaVEGwAZHx3x-IgQSF1ea1tLQ-pkegmew1B0acQA2ksFQ48296qvh4Mjix7fut6rHEWZKTVqRKkFvYOwdFHp0uXw4gK4sry5M7NqGkWjK0dX9RQQVXEVcR2jqrOc3PNyg-BrYw5zso7OX5tnx8IKeRwTrvtHUboZdOeHfKTLbKqWG_6HMcegwncBVzmPZgcql14ujsoaAV9aZoRs83JKTYMCKtYULiUJ8DQkD0sfYpP1CCzglnFZY7nfn28jJ0A9fXPKHspDHrwlNVXmoj41qtjXNFnyktOEGgeKKN6FYLhC7988Vy2vfDQrDDZo0RplMjBZVxDc44-ZIGcK_-zF5PgRjfXScGz3v363Y_e7MtJY_fO7vTz7KmoOaBrvLij2xsDZBrNUZ_yWgdb6WiDKvz_h5Z5t5y7IV9WM5uNI2VCROpF3B6LhisJpC1iP2BSq9Cf8BgQs85A1Y1ELNjLOGn98QDmcyQKox7w9gT7DQHEgl0Zc7ps6Y6EmbO-ECYtGUt2cS3gtjLyJAtENyUi15xZqHucVRqYIwbA9qlcjXp5Gv_oxmGJ2Xu3OLfL1ZH7r7jY5aUd4UmrOwqO-70NpPGdoyZqU_lYzL4qCYO7seviugvjG8XA6AZMeJfqsX9MPSczBim8QiaM_h85mNfd9gjE-ojsioaBtgmaJaoviKWadkSBdVCtOVOY3gfZTJcUKqbCoVKwKLGMy21cW6i3x-CngFgFBCUfeBCYm6U66_pFJbqFBV6XD7GZV-DD8bKQZMIH7ZuMNgE9E8k-zHbGgXX_hrNdyoxDByex8mnnXdq_QoFdlUCt9pnUznibZV4vHUJVhhORhBoqxHl-p4IxykP3fzXfXql3cYL2kD2aR6QMqehwAHYMHzXl6qPujIc7QJgMddx7GZ1RDfy1oPdNbRTFF84KBFKJB_j-BfGc2a4a-g2XrlwHtoTKt_kqc-oKGwM7G6WOAwlD6pCfGh7vXs1-UzpabR=w1365-h955,,,"stable_diffusion,star",2020-01-01
star_23,,star,1,tong_dat,https://lh3.googleusercontent.com/fife/AGXqzDlOTJEvtUSgv8gDFIxXpBEqARAGaDAcDWTR_OqXM2XO7pJ9JmCYKKEMkzcVWoe0RHNZ1LNO61uC7iHUAtgCsT1ceSvmNnnj80tmdZknHCDzmn8bBAOkxeWvFV_NEcbPW7fwHYK5A3AfU3zhW5lkYJ2j1bscrXPgcUkxD-K9TI52sfoTdx2XJ6LTP7djJQ80PZ3kX-3vwxyY0pYGHAIQXrK2x3-rseH5q8vrC2eZkLfX0yzE3UcvfjtMLjhDudy73elzsc76g_TwtbOT-ENuSCRsTxbkdpUExdBfCgfHrSbAymwuqI_I_9Je3LNBP5C2rG8fEpj2r4ttSMx_u6BILr3WcsxQDdBGemtcYN0E6wvZqcSeQZTv9HPsZnTrotwROdQrRcDpE5b8m7Up6sdvAEjx1WdJYlm8Uc238_a_kOc_PcFy43vq_de_OqEeeoUca7_o2Zui9PVQ5Il7Z5J5HgTI7W6ipZKchTlUwcN0I-kfPgnu6lDETcnplcaqnUPYeYuvRcYd29x8Gf6Ye7wp0gcDk-SiCLE8MccarcAqS4gHbmPdiXNi4kcLmjh7tAX-KME0e47CZOA1pIcMUw44AqozGsit9Zw9MccCqTu3wKNgWICUyWT_82U3uNTS8A6OfOrx7ntR0eLRFV4ne8VT4hK02ptvI-HPOmSvCF8es0q9FcgSSpA5U_VbCBXaoaq1wW0KJ2zrwwZngEd50ffYiS2HjQ69XzlynKbm6gZjAP4afCLO8KbK-WyqJJ7MYXsrzPUg5UNr8HGXlE2hYihXnRCBsERipPpPXPd00U97XlEtNlzXG8cl75hmFwqI2XJURgkSumTZ8mnVOYgzJJohGZzxgFXwttXQgpK6Kewce4RLnM5YflCmKrjkDXbepwh9_2x4thKM6P905sPDFyN4JX_L_8FMMSz7WlfaRWy2WOTYf-owiCGWZtuS82aRwPwkWjwxt_0vAt2tRSX3K8gyFLctKlw4wPuRf4gS4Q9cZS5fsGAPP5utT0SqGHZCcyxTvsffGNzoDqRz_4AAb_fbtNC22NBZYYCa9KuQOH5VSEuxHXXIeK64n8acbSAwMDNQhpT2Lf6N4Hgef-sgbjnePvXVv2mS7LNjLV5i4tiBhnbn8thl82Q8MArY1sm9qDNlTy8V2wla6B5sKWqz0P5Zf9ymWUgstapfrSTle4VvggSA-Wquxs5dr5zx2YKaVJ8pPpPgrX_Qa2WfpWCBigJ0y67Hb6yKo3RZqOj-Tz3iZTTieWviMtbyUCzphHNxASvdORmXAvDCEXp09co6Kb29BVm71XOlaYpbACnCZyYc2YJ0aVrCaGTbZ3x2GIcsejAcijheUA5HXySRK5qyrAuG8hh8eAifr30trp-EtQ5g-D40xHDD7q4MpMW_6Nuify9-ZomOk7IGwa5xSdtucrSrcm5PDT_a-tS9QkcWuDWQEm92lWCyWU40nnbadhO6eKaxNZpsolQn9YtvIPT6N_JvVReiRRZnsi5rAQU5DH-B7XDUz0iQ_kEnsukfK6tZwnqZq0RucKNoCVT09Xl-5hWFgJ0qjFMo=w1365-h955,,,"stable_diffusion,star",2020-01-01
star_24,,star,1,tong_dat,https://lh3.googleusercontent.com/fife/AGXqzDkBdohN3C7wipREYOO1MfCWDvFpiK7yfK0MZT2C00DL9LpopPnN9TToj89FUustuIDA6GDp0qqSSiA1rKHc8kgr6Njc81wUspxscqb4wSBuIsEv3CXp1uexI60RFREV8VQvDKKzDMNLFpKsHfFS5fBsCcgJ2QOSHYYFGZDVFB4DqC2F1HhLRQsCzYLOiRvzRWttL0mB8hmylL6ZrOTt9ezmyo4P-4im3Z0zDZisC_uMmjMli8XUADLIwMR69QsOgkVsiyWAM6ji3tFS6HgvUFP2wYvsDAOL0_UIP9EryF0k-68W4Wf-hmP38WqDW9Q2R2COsX3ggJ5PMLuJmprUPaZoYRMav7FdivOtSnHf95T4kgbkegEP8tLNVbcPKB1oiHW2KAhu3tQ-ThpmUXxwUK5CMRU0snSNzrQY9BkHrOSnYQTlAfmwM5-V57bUnWBAJhoqamL5rc1ztleJ4gcgFz1TIjmgAwfnUlF7qpA0nCIaxJ_GKVCs9YqYNZvmHuINuaN8zmMm4rYS8_rc7yPnViZBqfKa7LZRHyGiK9rEMPkNntXB2L1apxwNQq8padgAQ_sOprBW9bW4VEMtWhrrAzeW3l5_H-qpi2JBmy9ern2O5nmVAxcYyvog9VH6wHbtMSQAZbzti39rhxGGC0Cgu1SGW__9ixcTJnJ_mhahBswFi3m15Blqsfxfl_BaS7ghC6LyaJhqqp-KVyp-BprK5_urxw9RYuljlbso85GySVCKr6qxfmi5CfiIOKhQK0b2Zoj_mjHN77ZJ3u54RQBniMZzOxUENYNmisMk9LJLTZynFZJJtXv8ryiuQmAMunqlwv58T4noTBsv1n3dL2QHem8_d5kH_TnX7-AZaauIkuC3ut89aftofUARAV__kIpArygq7F3S7Yl3eYVpzB0Z1cwdWWmYJqPHEVMjmVGrCDfEQroY44q1ghQT03hivdRsknCyRRzMREotQ3G0ZyHHRK3ysEBWAyNIurxtdHGGG2zmcL9zCzToj6gCbOp4RNnBHucrk2CtjfGGuiH_P6zpwOVq2gif0Tv9XuVPa_xB5Wz5q8OcbReQse9geP4T3nUxNklV6_866XfHW6e07boJhUUkQ9L00yNNSJyx83lQ1EP13mWck9pqQYg1VwauwhFyFGitZet2NpLt8NQJKwKuGj89G-W3uLoN_fOUudhz-lueh-TcTh6dRq4KCFMt-EzByC2O6t0uq2Jag2z52zEqFPam63qSU9HZH1hrwzTLPztsSNJJYqkJFjf8KeMleegxxwHOxQtiUsK7nZbtLuYod-70FblOXDIk3VQYmequLVZTJ_1rCdrfkge2Rf9gZnAWPQPTnmXpImNSd8KyfBZO_sfI8q8exU2uBkUvw-IgfcQdllGfGoebUv-RtPfCg-yHQsiweiuRkbeqvHNP-Vvi3d9HQVg1j7cfH6kGE0q8SDbFpr5KHWEBjN7eMtcKFUU_Y-qXhmulzCLtdZtmdF0T-teH8pDK8eRzEo-YozIFAeYS97MQbQvFSBOq6AFuBzRhrPwxKktGqx9spn-MFxzM0cqcem49=w1365-h955,,,"stable_diffusion,star",2020-01-01
star_25,,star,1,tong_dat,https://lh3.googleusercontent.com/fife/AGXqzDnWZUTVb5xB_DpUdnRpzZDUq4qD38bjSxvY41cOi_3Dhcnpd1hPfMPCR5GzO62FB1KtVffOqQzoE86XLBE9lK3upwdnznJskFt7bpSDllgriy-RJS1innMPznQph4dG_GgfLc4Noqea7Oq4Ep6vGJsxjQDYrTZAtGoho_gBMRI53vlqD-NA3dQrUc2qqZ1NukxIaFenaeuEDjKOZxf8DLkvkNP0-ALpwMzPWFlPQw093qCDB2x0qLePH9OwyvVksDmR7PvShK24LKv6NdsHhRyDwcNV20BNEGsWPkaNyswx3WxL6G2ZIhRgNaBp9jqi8OJBLX8_a64u0MnOHwEk49mGMKfS2uPOo2XaaD47h0GVr4VziWocLNGExkvPsoqu_eb2WLQCPRQPcSoIWe4vv7Qqy5jqI_cQ7gWUMCRduqDKfUBIxXxQuugvkBWHMeIk75z6CsA18h2u7UrIE-UAXqmQQCQ6njeuy1DIN69LE68VHYavQ-7M5pNyJQ_yZvjo6I0Mb2f4Sss_iXJBoQcRH2I3kO8jOaf2aCqmAn_FUhmqJSsiBIlLBtG6mU9S_xAW7HwYKow73Rk2VwE5MDl9-dVSzpvrhTQhFXArnmEt_7tyHWBBzkvk_EYXUOqChq8brCtM3-0zK45KIJIoJ-XXR7-HJcAD9sjDu7U4do_Gep5UNqDeG4uA5i2UA7woHzVNqb9gkKQBgK1jgGAkugvq1pv-w6iL4WtnCbcSMdT_40g0whcQI7KKrMOAalPwOs4dgg6sHamhUQVPBhnUX5JKfF1-jrUS0UXmVGOTLdBUZ7RYahcaLPeJsJIDL_joXcKJtp5KA0iGoVik-PJ-D2KL0x4lYuehqZrzgRQo9dy5kaASzN4_m8FAAD7iwXtAiuI7D-ZmXNUi9dANQW5wzXiKeTq-DVovuDFv6remJk809-cKE8Ot9d8_Id7GbWnuHJTqrp8H-kjMZBL1kRmfu6zzfwGYdL1mWQX6zrR5VPQig3PZRE1O9fBo0H3Ef_DdRbwqWpCsByNkvxrduvClLn4bdAyO24LOWbUH2n5ekd1VKusfMpqctLgnRuy8oOZbKmPTZthdjoti7j0Zo3pmgogZ3nJRYZUjDTrlyf_VKaRtCTsnmqr-FHS7yybY8cFQFF2CS6breq94EFAHbf5Jaq0IB3JYvVmg6mimxIkmmQNL51QaJoZCcWAxWQtDKu0dYHLC1jdgzIqWV5L67rCEYsxHOcWtu1V6Smj7s8FgqOR-UfHx_0G_8epUncx8v2uCxdoIFyz684vIwCwNVIUG9454DetJA1Ch90NUuPD-erEOO1n9nDsI5EuM04WDc0woputQOFHBj9Um6hSNmuVkp8kAWhn41ISjG4uaVbX2m-N2wfX6ZdCWyTVP4BqDBQA0pGK4nYxydP7KKe3s0s9lmtQ0NIz8DMVE946FGmU8rtLXNkj-ayitdDcGwFK7WBzujgSg3PsD69sNNY1rSYMFnUr0jbUocnnZMJIynYW31PPbe2zyFBDMcGIUZrCXlgPAvFMefrZ89v-e07YFnvqz1F1tRV67h1c8=w1365-h955,,,"stable_diffusion,star",2020-01-01
star_26,,star,1,tong_dat,https://lh3.googleusercontent.com/fife/AGXqzDmnSl2MelaRn4x58whFRd8OfHywX84EZsCmKuCp5jxM5YCB0rwtBHYcL3ysc1DlJRdFIu3Ayfx1Ll8d7rW-gQT72K4CmOj3juCY11kLGfN417-91ELGYQCuRl9vqnO7y20mkncuAdXN-9Fp1PbY8npIJCmYmF8dZLe-W-YRl9F3rLUWoevPWwhbF8TYyeDsTIlhKFE-t6JZ5f6k77KuDAgpx-Y2EtraqcDeZveZm1ZrGJAq4McpSVPS3rmn7XBBZMpjosaxJQ8zAguzeEjPwWTSxnofeT_1gViNXqwxGt-FThFkS12lRIItlApM8VOAPjvgR1I9KpbQ1MEKvoyTIY43r-QpN_EjUs4ifydDjjd0iTCzIcVwK4THqTH9I-IxovzJ2nQbhawSRM9bpVcNBuTyhgmof_g11_1OYMJjCRtbaEZmWCIy98LbESDVo7hqKAOLHePxBe1zcr65F8l0HYDpYl69COzLWPZ89SgWu-S6SVjf5W_UOvaApfC5wkobCzQHafD2xzHbxEicczH9S4E8dwlh_ZuJDeGxOQwB7rHtIVjXK7a5EP-fYVmy5tOtMyqV6q6SN2ZveBZN9dqw9YX8K7U_U40FVgUKGTNhyczmEJHEz6LoKeJmh1YGAQihdjdTnMV7YWL7-HLpqg9ZWAPakMWE8GQo58QdLkSXqxNfSU3aUZ8VHBFZVI9IixzxDkOx34I2ic4heJKvlRrPA3VSilMdOk_ONZrSRS3zCUeIRfgwLk5PmxcT21Vd_guJ3Z4APQh1JJPH13argHCMGzFXC4wyr1NRtyHTi3onKP2NMFvY72LtJwFyZI4PtLs8Sek0aTgSr1FUx5sHCbrk6iTGu6FiJA2RXXZY_UpGnoMCnVfo3ubLFrK5-TFmMyFm24C0c9DHMyjKaBZzjgTe9heygHT8oBLEIiNf7Qyx34SyU6gR6_kAqs9rN6eq_fE2kyJUikKuMreTMMM5P7415qO_E5fU3eYN2X-JRxkqs3_IpH2oeed0wUxXEmNpyaAxeEcoiH7yTaDfAUXb296RDgU-v5mWwqx2d33m4zFqBZL9a5aqMhZVzmeVTvvVahYBPyHpA6lZ47A4i_Y7oR5aDXP1Ba1pFYGh4se2KIj-h9a3AeDA90vJwL9T2fLQXWOVbWrIe9uojv_bcNOmvwztYTFFw1QjorHTEjs2CuKMo7ITpw_owMX6fbIiKipS3eBhYzIAoz8MRorNyJABMta_ZfgPfNz8EzJItjlAEQkekYdbIGnmQETeoQlTm8XRXidNS8xp7V-zMmAUmQtdHOsvVZRtEwQrA_LgZ_tlSFi1hMXFZWHpePiAlfMV77hFXz4aSQAV7vxgnki_4wh8tjG3WLDSEFKWBbJhpe8QCsDn9GxrwhG4ojxkrL-SkxrFsKPcXofwX6znqy0JRie-Ap8uNA19K-2uIEx4eYId4KmjVWYbhBIfEcOEsQuJ_3qW2shyPM3h3n9qB3j-9HO-PIUMw0qHCznKPw6HGSlVvWEKKyXmCymu_1aOk8TLVgyfNc6fYSh3XpPBh7yW4-r_hpJE6YfjfgLC=w1365-h955,,,"stable_diffusion,star",2020-01-01
star_27,,star,1,tong_dat,https://lh3.googleusercontent.com/fife/AGXqzDnAttiaEAFSQ6gsRbN9dVmAnXa2lXypUbifuJOkkkGxfET5kL6pBz-i9hBnZuZv2Xfmt9AVVVDV7wNDXvH0S1ucYocWMxCqAezr-ZT3anNeyqEA0UacaPL9fi2SEj6D9PR_xdpKDv6oNmvkgGzK6r9oQpv6-EPIPfQbr1agufrV0_VvubWnbHDwnqB7ngYj7_rYj4ioVFbM48eUoEM5Ok5hlM8I1wX7eAOtjoQyYXk0umDUs9jpItUkS4oW3Xp3JKJxcp0LYgYFDjcrZXQDadW5mn5E3g2UK9OQ3HMdiK_PsgVr5WF37irjSIJFABKOVUKR5DQ74-I8V06otAyAfOnPAAQj38ycEaKRA14e_9fMfmjqj6SYDEEC739rjAiwTvp_MGbSwTXfthkgR0oV0Wwqx3EQD1ShqsJhORHP1ggqkHcF6Ua2K3eFOFIHcY3NoCyNv0VAxk_AJn-l6JjyGaLPet8Yaw13ZVMvmTcnrajroSHMlwmzl0qhWYv3q1ELWPzgppXM_BLCc8vvsBqQ1jIB45ynEim5AORYKsFIz1A1ST7kXC-uXqQ_p1iYMiWQEk5SkWZi75VS8VmzvDCF6FOnOJnuFdRXlfCvUNAx-2Nuciy1MSfSUiT17HAy1ZHh7AglEv4ZBgj1hwhQDanI53wLDp68_G0QueBCexjS0Z7LyUObebFCWcN4qejrMdsFAKromwmFR8QjmAxVz-IhnQF3AaH_cvEQAxm1VKnPPsBv5u1Lz-rafk8zqwQnnpFSyKRs1EUddDmWvwd33BijJ6zoTmqNYWqsDE7Ugc_jZ8BjeKMmpfdQBQJesCST_14wbMLSQO1i8V6dowhKz04g3zJQ7Nyt44H9COF5iI761L_4zWe72rbAOQUPbkpM3gMl-KEzM-7FSyveBbD6U_-T2yTOgYmfQbq-JW2rUjZOEKXYVwPusu3CrXVf-Pr6qWCV9CsCH9w4fmv09U1Bx20SM9h3ueiJPcWtmPDoCja2tVPBdtlAS-tdELBuMtTkV2hK5pHpFSMXMLWcWiZT9bEl5P-s0KJlpGp82LHXPgpXlguu6J4-ehq6d_8-O3M5drti_G5xvaN1Irg6qjmRohcFaE7JbnbBLkriKVgpQ7F3Mzx4jph47FvWlrpVMr7-mplAE0dj1nE4pMS5UWLvmSZjQpL0tMYIAG-gNhHLsnLbI7AZaehPORojIyyobLR_OD6N51q7wTyUYCjLwdhcYQITrgCYyoYs0wKKWExLOyViOvoIY0KFZXjThHKm7gmPngBrzVN9Is6E6LSdzcRDUCGKc4yW85UhjhlLBML9Vb9VL95E9oaCu2s6F4_6eTWGABPcidnYYGjK5tQJbF3tL2GG1veS1my4wTPcQjTmAfkGD-NLJKDHWTaAqwFWdtSxm_NPaLJf4pQE71_JBsJhOND066EBwzL0HBlHeRHDNZNYuI5T28amwiGP4tGRtcfKZK97IdZ_EJaZ_aRfqBG1-sm_oeZ34d5D31Y-oVj8FiLHPyIZb9YJRp-xswtrw0leDTIer8_7X6x6W-SWUDVe8TPkfoULcZgf=w1365-h955,,,"stable_diffusion,star",2020-01-01
star_28,,star,1,tong_dat,https://lh3.googleusercontent.com/fife/AGXqzDkbKntkAImBzhxN7oIgPT1wOwEqKfadixw8A2bp2V8A038OUpKB-FNjhCw8SCiPSUaQQLszfddN8g9OUTn5YMXCrJV9khFpv1RRZXoXlTq3YHJjBHuJgbJwQUlwTfslhs4tUHzZhMHEYEwAWQ5FPSIE6gmvzX_bi-TXCwPX6fC8ZPoTU5HDrRbfEMlXrspdiDoA3WjUWyrv36mDCyKXcpvaHSP6jWX2lBlsZS9y3z6TeR9uPIVywtQrSW9JMMqpcoZF1JoL88EWyY16QHgDhLCetIomh9CMk_jVao86qnYt8iIeMu1zASqQsbqaSCtF7UDMO0BbdiB1pDjX73r8FPuuaXH91DEnmmt588TVRznj9oqotgLggWAyqqSqvdPIH0b8zspWpUnAkCxdxbS1UP6630r_TV8qMFZ-_Z8mL4aaXlH0hClF6sBfaXQboBjyrHGkkN2X-vqAmznHMmaqvONeswrjeb76OCWcbTSMt7BBwmd3-4ZF7AUt37gG4ot8kBjwUYugIBDnDBKoGTvMFPIeDQ0-RuT70_GJmdznhBTVjKetJoDwtyZIKkLoLK05VuDlR89AJmjGTbhRHdGdi_6FwH_2bp_YWHoG5EGC65VnXYE1YrSEuIuBACrJeIaW_SomZWuVgXEND2_WmsjxtW4kC61UzOOHKV_B1AoHNrQibfmF5Z9RdDaTloKbrkr1DmMmQ9xiHQENlQTIjCCTH436PbbzY46FCMdXz6q5IQL-WlndUOiHeTMGen-yUTpLtfM9VuDuKuftsgfRSbO5EHpASZ063S4z-OuLqOX8zNtEnHo838Of7K53i5nznIEV4hze1f_VABlpTadN2uGNmJKVEGzfd_DILKExXPSFpxmdfNVRZL-wWjctvGE7crnTHC6WNMcTHPpH-VSxiNzVWv7v5yvoOXAHgeyUxCXgFCcK_HsWVWF478Rto03Ka9inF4KJgbqxhyArWn_WSI1uJpmobttKH25xipdL82qGSQE_ptgs16PuTitfD6hFeX-qHpsVLtUPO29QV1EDE-yUuePtH3fJzgse4nN9JP01rdUHSvNJb8HUxNNKLPcYKAU4KMNiWJgurgmqPvvkTakzr9J_MJmnZ1wd8rf7wkCESWTAiLOV4GXWTcuKkS-i_RQLciJF_E-1op5PNcgf0cmqEHFFbfkKW-h73rC971eR5jiH00mqPAP_2X69l-j_B5zdEuiEPCgWGGY1NhO7by8HCmFYeblvquJcChyMghr2j2BWEFmjTDfEjY0hZ6KInRvYSVVM0hs7ARk69zFlgI8N2PwF6Tgi7oUiR4-zUXas9vdHtWOAVUW_gH1eMcfa-wqR9bfe5SozzFlvP8Xjgt8tVC2aoH2tdV-zXfEtL5sUNa1q4V7iHzlCwCQO8bq4X7qAKby3X0L38kTZX84FlAX1kH7yAe1SrWp1gfibk5hYDtSDmdt3QFWl3hbTzdw_frYXQXDRFuF0zEmiX4jSExjformLQMShvQk9b6B5F5AdIgnkeAaiqyZimxRdAJJ73q225H-c-p5Kf2edZy2DX0sHzq3TL3Qx=w1365-h955,,,"stable_diffusion,star",2020-01-01
star_29,,star,1,tong_dat,https://lh3.googleusercontent.com/fife/AGXqzDmHd9XqSquEiFXB0G7_KFXnzlT7KVBN2BEXe5XWiAv5LBRQNrT2_Yul45glyQ52y39XtxIcc4mqgmhhNeSaTihVmRnlfuI1EsWN38XRJ_z6cGu5NUVn6KE7T--7FIblMaoZJFD2QdNyhvVx1mtH863SgO-p7Nb42xDOK0OoZcEf0cD-hxdb3iRieei1-B-3m1tFdYzpBHYjv-b680H5kpH1Nn8L_i0mz_MxO_giJSen_0SlVG2j1hpaQGXiRRMDEVqNvL_YrYBur3GQrn67tSGDwz6aaEj4FuFtt1-al23ZRjRUFjrdL_XGnI4wokJ0ci_mJHs8J7bQTSB0h75DG4zoPfQSUTJpELqcmToN7yqMLOAgtcTazbJ180f8yk3lV30qQV--JrZo4H74af4nhpFkG_zausk0oHJTxoPohqqaYr_6nmdpjPS1f4pOWQu4ZzJjke0y9GWy4epv3QA0xyeuwF6xGiFQLt87G-nz-CYFxut7v2Nx6X-JJo6Zt6m0uHLE7KebnX0p1yAXw-909B_A9x4P46kmDoY-NX9n6BY6xmJLpChqz-Fsco2DKEqcrI5s4vUOoBFNGAt-V2016qPeQWLg-ZhYGNqmgB3FZaMZ5RCw8OJmd4AuOXmNP-bBzabI9OpS_7gL17nM0KjX8bx7zC9W677SzOMKTCXLQPZgHoyo5Y0DATry16EzMXffbSZb91H1XyWe9jebpbxPtBWWdKTPfr78ZAbJCHXiv40-f7G_fENi6T2griVm-EoESBJjQi68o8LedjI0-xyHcjQa8rFJPvClA74ngksf24U8Xh-L8Md71wky5Y3xlnFjA7sLWuDCNNkZVjuPpl8HzFPoP_-1eJbBkT3IpFvtkY1TotKxzZ0hCWzKaFIXISWAtL9IZE3s0sX8ICDVEkYO-iXV0EwRZr_0GoMiA8fJh8lFeAIGxqMvaiaa41ZTnsoTaBbPupbjSyzWdDP0Y0DuASMh0tFA6lYWYXH71lJDcBwc47m8EJ_j0qXAKKRUrRZrDktlO71AFdaRLVktgfP7-WqBLesCakPD3p3D96Si2ZZASeoBoZQsLMSEWK8DqAybMOzcd3_1NeZjqEznTclmeCEDscgrOR0WSPYvOnEYGgE-nn_tL8nB7IYJnkKwZJZPsnxCMJeMBY-zOw6MSUd5qXN2B6XnEEzYw2v6SAfC_m1q_d4uj75Y9_OhJRGS58oytT4emjok2rZgHHAtVCMuAuVnI9wEKfDZj9mD2d_b7NuAtFNKdc_N5wouzN_2OzYBcX2dsW5HAwZAYROxdjKbQXUcqPWcOJznh3KQeXFccecaPjD_16cFlZJKHDpMQ0q7MTlSDb8wXaxEsT7aPmAHIu1TwiYa10pBw04UGrjJ7LdDZeashgAP7qTEwtKE6YN0zAbavje_sd2mGJVJ7wowiHqXf1rSbZhzF4odxXez484R7elPCXef-GV9rfwoqQdmAe4rUhVBHVwUtJ3ENB_E6SOw_xu9Y_1L24HX8Hdpyn1NDWUJzF-BWytBWLbJUw2cwrgC5JqLd_lsZu58vB3qh3eHZM4L=w1365-h955,,,"stable_diffusion,star",2020-01-01
star_30,,star,1,tong_dat,https://lh3.googleusercontent.com/fife/AGXqzDlxij87ZVzYFxHNqJTSy26oZIToy9Ytidgcb1pMRLFqNmvznlmuS0b376jGaS36sr996tiyCJ8eKd7gXHSql_VPHIJ9ZBOzfWGv95bikzR89ATESvusrS4dGtNdSrjUPHdPUC5LdKzjU82fQoF1PWU35gpi5vMWeigMSa8slztEbgolSiT5DgpXpiej3q36MtgjtVuT3IjZv7hkAJ1AqxSIQuApWelB_wI7zLBvh1k7sIfZFiUlMBWSTjdLF0Vr69yX4IHrS3Bk1x7TELPi9FcWw_pQ4ZWrluyRN1ZzJ5_n1wWMe95NZdm8uac2HQ-eZ4kFWVQLEC2WlpuFXRuSDg_o_O99_oRLAicCSNhF53hf5n8SY29JeiwWbnrO2_0ziH9OU2ZiPht-t5CjlKPLdKqL0tGh65MRpS3NVf3UUQrH2YA6mlT39JsZfkiNEJte4eL2m8CqMVoc0Tklukuy-yT_tDQkP-5LiW8zAaWNYbf1nwmQzhLrKErSq6teOW60pq15zz9E-n2wOzJI4K8BzBwJD-xddaWy3kQQ7SB1bDjaZNYFrefkD3xwo_zM-Lre5MUuKV6jhHIEKeh9ATJFvGflmEwxLtMmDc5PMuhSensg1fQ7L3NiC3YzFnNwMfl4RRpe8gWGi3XHCTvY_WMrs0mZex4goj7Lc7jqtUc2fYmfGj2b1d46dZI1qrBGBUrAyDDqkBiQb5wptmDAtktqXr81PdCwsI-5dy3zEErg8KQBJ1DTLlOelt-7V4iYmIbIhRqZ9V0QgcypUdQ8rrgVFlqJbRzeA0sd7G-o_a6UeBQJ7il-GlyTsw8JC6lJn4fVQ3ueFWYEfM1-aQAwMnXx3hW0URvLFpue2DhkL4A7UqjfCxb3xHtkANiHGXzBaVMGWWVHqJLFfbHBHPyMw6BB5FNxAePUWTgRLngv2LcivercdMSkTuDzEaM_B9jeBww8d_HcqRBGYYspiG8st8QSw2p06OgImKtqQxkctt82GFg7PfuiE6fj1k_b0--qh3gDMXNPCmgsGNOxRKTZvLLxapdY2agFfWRluZ1lg9VtDJhnLYedYhb7NrUZvkAALjeqDY4M66027wIetijADoeRUyqWZ5TbJ-hu0BWZ6Zfc1DD8A2HPYbIzmvWG7mybMbo_bsD7SOTeYQUqlArNM1py1X8i1wrpLAGTWutx_f3Cy8V7vY3gIMbPvNt6T6xfZnPPxjWNsBmQDxGZ9yXMU4oUSVqX9UFH9iqrvGDWSqt220r963pds2QeuFcKCXAUFZlSfmwnfzIzjU1IluzS-o8xye2D9MFzfbzreNMXQK7pNqVwrOYoDhS5IGc9tnZ69EkMf2fMdvHsZTLc_CBDXhro97VzX0Kw5AvO-56NvXAztrnDL3l_ge4CEVZX40ehwsKt6j0DEGeoAGA2EIqDuYcWuKXTVYWq5aSDs8awT9-hivduNAzw-IzNtCmGkAFL2ZE3VaDHojHH_96n8M8gFpYfTo0aXeru7yEPtlmqNisqrp1AzHAdIeXSVdJYQiwb82mXNE0uw09FManlcTujH8rElS-PTRRi=w1365-h955,,,"stable_diffusion,star",2020-01-01
star_31,,star,1,tong_dat,https://lh3.googleusercontent.com/fife/AGXqzDkzvFMq6M0kSKeLRNHr2Rv4p0wpppLH7CdSYlDlZRz7vO8LU39H__rcNfB6w3L-2wjmQTsyV3riYlJABdXft4KwsenoOgdhpOVW-YdtNcXWNj8rUmzkr8BYezFEqROkidqt38DTjQddHTwgnyAX7sduQCkdcYzuQ6OD6YpU3bPrBpgOZvYvbuzv5rjZ-uBEIZinPRrOtWgGHBtyLdS8JqnCaSK3ikEh3_ySjrhd1AAtE_W9PoY3EhRca4axvHXROWGBCQIZ6A4X4knqzuxbMMQGtrONgXmRsQjM7wtLiQQ4RkM-coTcI88-pznpJEblhMSypg4DYRAef_9DdjiJV7VHWyabBPeyuFKmyNl02_Cwgaux-l7EELlRto_VHcCu_kUpej3Rc-HISFtKiwr0GUWvOd3Gsgs4H_CO69018jRhtxy8vulH-vrSPTxtFUGCOxxlT3ip3rT7zCcPuwayfRplIeH8A3gBF3dujbGW_AugcGd95M1xsWZk5vTUuQ7fJtHmCXU6hfkwUSRY14Ut0mJL8qYtICtYCid4_HDyW1CWRLCPCuI8fz1JXA_7xHaFYuPDjavxFyCIt_Fc3aeTojzlWQHv-92VTsyyqlvXuhR9kVvon-eHM2HZgTkZCNcHqa99aDhGIGPvrwu2LGw0-M7PQWZiLPfPbv6EBdKOL9ziIiZj-t7ge5NPRZNA10IWnqvvjx6-rVQ50BnnaFSJaXq_xtW8Eko4fg44IjnYL_a7Ybktrh2EiyM7Am4LW--jGYD1l8gp8vh3vTca9mjQY38SX_4dAnLC-BJua-pvPqlB8BF24qaNhpCGnpBijDKmMslBdj8-tkfiqofmDRqT5jn6ANEDo_vkx0ZyURjSlAp0YDep_clh8faIZ0zxiSx6u6WmBN8z3CPIEFdYWJIDwIEjuoUFYAm8i1xfkmzHjEcG6NXtScmutxWakk-cUReAwnVOjs1ih42jZlYiN4-0kULsyx83f6RqeefBwoFwsVqUKofEvViO8JS23msGTsaRwR3eu9Z82v-_c_PdM_AMvO03QJMuU-WGZ1Q0rIGLcx5asnlqDmKQAOpt0TRWtVYu26XTqdriJyBt3nlqBVMkqKA6wW9m7d1DTi3PHn3Y2z6vuqHitW0Onn20JpRLiyFQMDDcCj4V53I0riaTCS171Z0rqdReUKNtCYRluWFHcGFLVL9Vs_C0pUUyG0ZSmOcuLx5mLJD9pEFuVQSnOsJU0Noan7IIBFECa5cK7gznwCKUB4VICZ6h5p6q2JCOFMnUluZKb_coW1RHzUiYZsToFgqXppjAbqrIjbfhk1tOd6r614ANKRbJh85U7F9dPilOWkG2CSoF0UMbH89DQ-DvPmKRwl9RoKMbCRVMk24_NDFApUAEzvyv1DUQ_ArghWDPMyD4d6kAEf7mF6zJ-z1w7wnTuQXm_Wm6cDxusrsDPVvPT7CmA2T-2R9ayDBMYBpD8h9M15PU4K4F_8tBG4it-4yl-DHZBVc96VWyVRI5H01-Lm4f8tJ4btJmzjAs3j9dFAMsBCBdVdg1jPRtDHh2Kxua2e4-=w1365-h955,,,"stable_diffusion,star",2020-01-01
star_32,,star,1,tong_dat,https://lh3.googleusercontent.com/fife/AGXqzDlDuH-4BbZY9PgYQXZ54LyZ3fX2UgjpfQIE4wS-uQbdTXhYMt63VillEhEKcZxMnWXblkn3KXxOLLAWGJGlfPSGEVzDZjRUoDotZXMiYtmZB-bHXEUtJOcgRnifs-U7R8v0TShDXwx3AjD82tdspa3v76TZn6anNENpw2Og1cyp_GZVS1IjB29i6FZY36s4NL_sS0C4yDRWEJgii5ihSEFdOWavhnGXyXSzN7bF96SCM4ZHaOHoOhjWI3eyISG3x03Vl8FoMyx1fjPmJWdDrsBzzAB1y1xfXbKCTukX-Y2HLbJ0BWDulaAzPkgOgSaj2nAT4xHxtuGO6b0ruVtR9RfTuMjm5ZgQQ_wIlQWsUs9x4GcTRp_pPLNLN8p6FpjStslTO0xqcrpaMR-TXqdeftJgHFyqQxKMY7TnPe3AM51f0MFg6OWEcgCVwGKiJMH92D2wRYeMY-7zOpamo_uF5g0O8Bb2zJeNs45e4UVf32DKQkoZqERiF34lmjgHOE4Wl3UdiDO7zvHQZncKjUocMOHP65fGAAi_In5VCnjkJqto7zuYi7WJ62QbmlIngIgb_BBJrYEoQfQ7L6RI1VlZcDfovxslhShrA9bnzyRWuyO6G3z5eoKEzR9uVTFcQsDMiO6D2JE1_Pt9S2vD96PBwqH4m1hd1N7-H46vgaVrLA_0FlEZSAaobQjMVJDMxbmxYpEtmtVKA9axml_fJ7q0CdNoVtLlguYFDngGV-fDCGBzsZsY1svC1SVhLjExAsV9lRUQ5PIOq015FfJ1CyfaCNXzvvGwMVHjGavuLLQoo00UnunRPMgmgerTEYt004H9PudpBd0J5HMAGCvkq2G2rWUNx7TaNPnKL25ykPfTsBtmboyOykLK3eOTRfkg-WrXUEgv1Gbh7slWHW1wQGtJCKiwl-bu6hU7eFCCZZ9RrerBardyGPeG2fXSxLNTi9hQzJJtR9fg9YhGKhruyu1_cq2G1hH1LaiEOTBUtkmnx-dX49yPpindUSomHPOw5lsctEDnnlKSN_KiU8t2-Z8lPg5C7-6eMvH2FsbZUpkYasrOMB4AbDyvpXyC4f2M09q2fdB7BIFfxpSalurhnlW1qn18H4ANKF_Mm3eDjn0L-n_WDiIO87eJZeX3RFDl-FGC13Syya31jmikW4g-sblAA5S_E02cUYcFxP0WDHEDAMlCerB_fkASA6ziUhgAb9SB_Az4GaY8I_T4uio46w0h8jE2GXSfNn2vOTG2JPncjFRCSe_cMCfSL2T5EbG6xIGXol6ccnvCQO_eCgvWoUoaoQ3X97qey9pTd1eMpEQ3Su_Rt-A4pEBF4aOczganhezYYmUzKPpoYp74drL1W_XmNeBnqOo8AFAJ3n8iqxLNu4GQhdHZxw0jWbuvF_lcnZClYnZ3jIfdQnqWfVcoQfEhIHAj_UZKPIojh2kF5ZKz6iiEe-yLI5COfxqhxbnH85twrHllfWv1OIHf0wLUgrc2wHYri294kPGbBFQ--XpiVFZushulrP4Q-TkdD7xMkLA0jbZAVo87qSYr7mLMP2-xr7Ia4sIT=w1365-h955,,,"stable_diffusion,star",2020-01-01
star_33,,star,1,tong_dat,https://lh3.googleusercontent.com/fife/AGXqzDkfFGmGNHdQdPc4RFT-gEOMjDX49bmlr_XY0aRiCnj9-KQxkmI6ZD58PhqpDGthxPoJiHMKZ7L_0iZ58mxZFixaIWNEnGhLuJP0N76ggz-1-7c98E_5JDI5Yt8DC1rmOJ_R5e7FUkLjYp3loUUHmZWR-I8BxZfzB4tGw6_exWit1CCcHe6zphSz3Yrva2ec7ewJexFlzJNxgkazy537O2YDfCIX3vGAJz5UOt3NN_J1Pz3MAGi2v6PbWIQ_s1caGWnhZ5dNnjpLR-BooXkA2Y7IEdWBK4J-gfizWdvO-UUp5KxRKmaNZInAfsvh6w5rXKZxZ5d_WkfOIvvk0rdTlyG8FAkvDSc9_DlOxRhZdDiswANaS2ezXwdRF6e3YzdB7NhrEGUkfXFFTbnaHN9UYJV1SBhydFa43yxYT5pI15tIrVsMb7G6K5fq8fnLKvLuggfoGa6MngKoM4uQNqsqrDFX9h-_lktHlIC2BpQHJ4UoIh1Mylv7W8aQp1c_c3RjW5Urhj009BwhwVG2XGfMiMSKfZbYni6SbhRdTwmBCLonCeAXXPqWvRXZbjvD5VdrEUWmFk44PKqO0A8dabvkbme5tLqEqIi5Xl0UC59evSGFaGjYmFBnNiXvrzKw8Pwg2oDUwndCUDYtrD-Ta2s5eTmhA-Gq6sdAhEdLBcTq0aPB1sIHocnJtQSs21AVzKXuqgE9Qiewro_LqByGY2PSeGn9ILgEprzJ9-_sTWcs2lf8ofYCcoyfx2054fLISbj31Yk0J-3bPjmtex_yJApttkxpE2_Q1W-mrEpG5d6WjGDNpNLuMBBg2dU-qTWwLiyjla9cxJ8gX3xTLa2F6ovhu_X8HzL6y3SFTl0Wic44mPI7_PYkN0sdCD-yvYAPw0KsY9-Ql_8ihfh6bDaHlzawpFNGdnI9-2Md32IHX906-KNLmGi5HrybBKwTpVxqyoA_olA3emc_uHwifz1ywS3yHlYgtEgJnI-yGGOwinwImOK62fLets1kBbAvKtx2XVdZmjn3iipYlPh358Fomzlhc79TY72faB26-eaGU2RX_rC8ty7DbCfGQvCq_qMJi6OIbOVhnnS9kqt4x0xXeA8W-rd62UpskQFYte-80LbhXETQFM_cY5cvg7iff2CXvL3K-vh59D4e7K6LtayE0CAOJN87uFiyW3kzB2Sksm1MWrXmP3AC20MmMRBFFfVjWyLqOwTFuyNpnXKyZOmBmSdv0ZplHzCUjUfTTZcDpZReIWHJA2s-ypSr75taVIC9TUsctenUISLDGCC1zdFera9ie3m7TXkm9MM1svHw1q9UrBGjCm3HuJgR11HFK-EOsmjJhp26KDjz43cT1sSLeWkvcA9YwjdMpPqb3xtb41ca4Bxk3WUIT8FfiEtTsUSmZoT-roROLkAqQh81aGmRtXCpWdy3oK_Dn112V-tfj8aRI7rPsI1PQHH30Q3VnTVpUKWlpO41EC9fmxpSVb7Mm8NDsueHhBJ0Cw9z4iCmXlrK9dNFHZeCq42dq47rQnm1vJC4zpKsjOlBa00Kg4lUw013Hyc5W5cc=w1365-h955,,,"stable_diffusion,star",2020-01-01
star_34,,star,1,tong_dat,https://lh3.googleusercontent.com/fife/AGXqzDm8lanm5pM8eREAvSoRgR5LhG9KzHAe4li18PenTxzRdgmxHEviZ5FZztH9xTRQrY2IBBwOtNN2Av54VVvQ3xG_XgD7TH4ZbFloVzSYKrRZaDhMCtpWmWIJXAppxFMpO6kEsKqlE8XzdBwoBwXdCidmAzqIpZdWLz129U3Geoo1afO6ASceDEkQy8tY7aRAqrsfr2Kziw7KvqkRu9bm8ptd4tqSWPua1uzosPQIolvGbWT-pDbhUKJ7da1_YwSxuLpH-HWzsv_6leU6QJozjfoKxYrSIGo-mZb6PEEJ8ahsID34rYMLblup90rR-hAop5JCfOi3MZdMUJaklKnlgbZq-X0UcJiqKnRnfj7LTuJJhTSu567LVgvCpUPHwtMI7PiD-ru8UdKhsbl6iUZCGol_wHVznZI6g7rmDbKu5rY-HpppygoHvXIyPjG5wuiBw-TBM_2mlhgFc2_HTCKGVwugc0ilK0ilXLVrPJAX4PVG_jZZKOPd5uxl5PzCqmhjJSzA_BxIcnVdrJfNJfgzRCYXEeRVdi25uZ4IB7QLjyhUcIMPR_t6koWCIKEzIfTgT7VY2dSttudniE5GyslOk5e4LQN251wld1hiYtCLpK6VQsvWVPwbsVFgIdzwzMWAnv6kL5n4Gfs5dmsQRB4LTKD_AArLY-XRKTzdM6AaL-2ubiv73hPlPm824wILF4ECnRcDNoprZtrObIYzTvgZVxfimD6Cz-dVg4QKSF-rXPQeDJ0WtCaI69jTMSDEi4wZanHx4bXF3quM_JEn3i3Gn379UL3PepcvBzErtztCHQQ6dwIh3su2W4pP2n40LtD0--arfTp1g6Agnu2TC739Q3Gk0uIxZBqW53TeA__DXn1LJTVNaVMncbIGgfCrUlu5qDpMp5SdtOiEGZ6jiO9ccNwQMQcX47U0_Yab-Gdt4qK5AH6t99Z7ddA1Yx0EqKraKJ2wYQg6pW0EaneRotQjb87Ytz3_5p569FNer9BqhR_sR2Zh7VzIpAkYQB8RTX03rKjSX2VaZ6LDceLhgJl7KSriQoSCJqmfbB5CkoGN52fortLU1glp-nykoIjoI47veQT82xANHz5-H4OCRF-SJWvmJ4iz9gvkt_fNrIEVsriwdRWdJUk6U5Bm9wZVgEskJdXd38mzkZECPuuezDHfTTng3hWD-xrRPgpzO-HTQ56triGcYweGnuQr_VVJxgTcutW5Nz42iKpWEmCxXLFBFydplQsVvcPUEQds1TCig6TMcnRNXKohWZHcrAXsOHTMu6u2q4JJ8IIRMrhDcivE1hrgaO0kGzXdDDdUSBJXb-wghFGbGGqtNOKPGa4lDlIZowBxifXUs2Ha8Kogv5caO9lDDuXeOD8bvJajBq_DaBs20KvgpFK1Qy3-Toh-_z7jHEtiLHNlMd6t4Az5qR5HlVeVEu3TCHX9NXCeEpxQAx5Wnrtoo4zuyPc9azNxJVbIJOCCTE57yg6topPFBKkxMcl8rtIbYZKOZF4KtSrkLLd_RJgu7nYm8CCoYC9v58qdt8vd5CapscGghlrn5anxlKZP2lce=w1365-h955,,,"stable_diffusion,star",2020-01-01
star_35,,star,1,tong_dat,https://lh3.googleusercontent.com/fife/AGXqzDlw7Wva2wySE4DMnZHkeAh_uqXHip2Jlns0GeaN3C1ISaY4MJZ3gFVrMZ5RwrYWYJYvgn96iTkyVmcUpV64Lio8U12gCnXS4TuSTY23OVV8_-HBd3JFmZnBFQ3SIJHKMTzclMCaA-7UXfJuNc-V0pJ1vFO4JVjcqHH2PkS6gr67sVqZeLuIH_Bq1Be_c4rOiX04S8EBYzJsa9BAVO8CO4Iny9v8ovPe6aEHtJdN5y_1ZSJP8yfJBPVIe8NN9uoQIMHCmMi_ne37PPhGmWYHCC8DoceL4leUeDQBZmAqqoUlHWrFKoAIfZliHHEEzVbKGIWEQNTjg0PGmLsf83vJ8q3sQy-8dcprGHEBoY6K2NnbpBkKRNzTuUd69Pp5GktU4WBLIbsU6cluI_rHwTnnO4B6zlBVY8R6qWYnBdxTsi19sRJDPGyvZ7yD4tfPqcuZtEDHqjbP_K2noJYQPhqfq0UYHl2ykCg2w14OZWCxVkqo329zf1H8Aek7KHA-e6ndGgqukN79hcHq54qwPe0cZtsrVaj5YD5lCYKoCM_oSyb2JuwMRsvJ418hrSXQLUvciZa2I9skyFytPsrKSyrONdLzRfdgRtSkiVbx4Gwoket38QMFKqxeJWZHc6n-9GsYYVFBB5Ap0wXfdJwo919HuE_yCC9v6G875DjhL6NxZPX4y8W3M6KRPJ6QLRS2a2Zf-mcaqgBm0oNv-skD6gXYIwUtcP9GmQwNayNLlVwcvCTk7UHM9aJ0DtSnkVpAD969J_asMxuX0uOh3-YBksX1zHH3nYJpMW_HxxtbeQJ4PH-RXUu-Oh9ovzErfxuaqWz-LaFyMYquHESIRbddN3__SKSXRkVUWwEPfpdFYrHKz95DWLouixUKWnTkI5m5I1Dq9XJ3eq10lVpUBOXirdWZghvm6OUeT0oK4F0br0OmIzBCKdrFM3IAIv7cZ050Hx2f207VTWVVP09kLLD8UG4Rh8jeHACTMSXaW6631b21SXJNBL0tvIFA0tTllgs0jyLzHqiVjqrk6mMuaMvb1dAbk3qq_Pl0jGebNrtuL1oKkUxhBuWNhtZ06NaDLSTBSxuOqLDQLHL9C4h19jXLYXJM_aKMTnvzRD2y3JD8hrGpI-4rSw7yzpR_BVlD-C1eoJ-0Cuk6HVlPVC0Ut_kSo1QrIubcHXM7411ROLiZwJfYdU-D2OlcaShRf2sRYS6i3mBjDLLn8_jantp4BG1KRYXTzr1a9f9ifMGddOqhc6cCjADZXBuysDgMMvdiT3se5MwAOw8d5k6iGFKxIvpRKyI5DV0T4EQNsUo68fVWAhlHIn-SF1kFDogUCQZ9il4XBsyHrLakL8BamMjlAN7GOmJ8qrWZzF76kunzg3bDfyQUtGOSJYbqYerhFLDGIgZsG_P0iRG9nxIOChVWBYFmklY3sUsdMC-gtgCxCxYS9cMDZ_AfJSyfd3NpvX1B0cqlwaCNGuQE-s4f6HFx9_4o9JnN1-BmXf9SJy5P34hCrNVO5d1NNGqzcF80lL6sFony835ZAitQ0ql1Ikz_nylmtaCEX5TFseXd=w1365-h955,,,"stable_diffusion,star",2020-01-01
star_36,,star,1,tong_dat,https://lh3.googleusercontent.com/fife/AGXqzDlP4lpOa9azQr-K6OqP4LE63cASF8gsy4sR9AnlrcnhurDUNMgSWILzH8Q8xHLLXSPlFTvFAdc4ZomUAwGk9qgXYjmf1dDu8_8fG22-cqEExfoqbvizFHbKJUXxqOKKvICx3aLPo7s2XCeDaXOuJGvLn555ngVcLDQcYwfdZLiGh30L7Qc3gTeE_B_DCNS6ndWf_Bv2gBlPjzDaJxfTwNFAi-4UzMDV1raUbJgVhAHBSwqVyJCFELgIHEq0ezDkhhy98I-yo1sry3L72zaGkQT-GBm9BFJOA5-j7ZfX_bIw0vgk0f5_28gDUZnxUQdHyGyhyPK6SAUtnXu2TH4l6LpckDE2OoLtL1Umt33NK8sT0Sl_j6f3iO-mzCJhNdW9Si46rwK9yVs2cgzbIDiNUEBt19GwWOXT0RdAyRviOWTILu_mu-Jw8cdNBxRs14gIc1wmixZ75BQ0ERxR619S0Qcfyq2g7CImCWeAifh-Pf9wLE6H-O_0lGPmc4qOuek6EZapsDGWMKH62D8Fo6xOqT1tASTwNisFRJkjGUQMBPGIiAcPC5T9UUcEsmTYU8SgFABv5xUXTVtx-RZ-oAan-O5eo083oLyEmJ6w7BBbNc7YZQXxyajMLmXLcc5AHAVbqoE1uPCmA0G5FwLuL0uqCkDlxv2aVwLNnzEITO1DLh6gbpTrYiQULCzjUHdeuII43ndCt1klW7QzVX08o1_sfg9JGZUBYKiCBv9xdDExU7iWhn7WSoj54nEXibqOZerv-ChPwDMhdSCY925sfIcFjYNnQ_wyjoCQengLQEcrj4KroSVbpXZBkwq6SUg3PWfvpfrJJ65lglmJaHMLDIy1lvX9s5JBT2LZlpqlUlOoomJO-lg1G1Ci23H_EYb5kF-vG0pIbkjNvSlIlKHrx9VbhLR3STaYUGiMD3r-_pWLiPfcqnLms-CDsexo-Gh9Ed4DOB0E-IN-fJd4T0VhE5r2JtWGyVO_6SMUajYR2wAoNdhJ9nr4A_zJUmr1I5Z0dJ3iBzprJM1Oe63ej7wyHACESoItZVu_Vc2jeMLm7gibBqZODcXyokngg9X5OeYWwcv0jyvrwv7unCqFHHs5GB3C4uvYi2ey6GKygVH_N2yUg4WAt6KxygGIkOstTE44fO1sQArIKrKczAG8L-vDU_Av90tSzjeZwvPcz3L6PQUq8Qb_LszuOEyOSD2JcQAzHI3-09HVE1twAdJz6ihBCX0e6mgKlI3RfyiHZHBzdXh1OlJYij0O_vAAIMXikRpQJEpnOdVejmwAJNCmEd8zniXf3xo8VJZkNZqLFom0_m-5VOjo8pY9BKAqF54qJioocHtEXSHyh4lcxYIlxkVuKpAncSbmeZlXSxPOxrTek_j69DZF_SmOChgvjin8MgaLhwjMM7kta4Fg4M94OcQuEhFbI-v_n7u5FPn6pqqzNmtS4C9oai0Dxa5dqDCMPwZ-59I9uYle8L_jbw2hdusOWMOA3ApWuof9ROYefE-71Z-iDz79XC1cNC9R_layGsu2iyiHnbeYN4OPYzwjOufNJXCS31zapRWD=w1365-h955,,,"stable_diffusion,star",2020-01-01
star_37,,star,1,tong_dat,https://lh3.googleusercontent.com/fife/AGXqzDkl0Aih3QDMqxno6mshl217dt8iB_SEdoBfzL3EdHkNeZuPewqFaUOsvL2tRAK6vw3ofD4rT-5A8vY0cQAHIwhBZDFq_UdbFOVJcXVM-VAMjZGI20LyBhNELH8VuuU9M9qQUXFCGpiydt-Cbpy4ntRjP5yKJTIN1yTmTwWLOzEraVMuY85-3exQUj2B7VBT42zIq1NFLLZBnoMPYLdahCw33mCWVQ1w9ned63RcvV5YAdA-YMDWR_9gM8vHsRWH-twKAgC4T2zKf6Q8fI3zeG9k_1cwHQM1Brh_r1FN17VWNe08Nr24iQk1TmsBUEmMo2oXia2Mi-RWp5aatAXxHMkMhajbtIdiCZj0ohwrDJajTNkB7U_e0QRcW-ngMZEhsm_scaFFkhHimt78KaCWqeXkjopUF0jEkOB8yu1RtA_9hCvEX3Nwj6OH5q3sFuhGUA-I2nTNUgKBm1NTULzLVprXKYAqkFksWIZgD5ZAXhyNtHF77eys00FxVjLetFpCU16WGvlGbd2_2OSbz4QvZzehODYCt-A0ez1BxFhV8ohg1py166KbHczHsTWjNld2g3yxs2HWynAcOL6kopgfbraWvKk3ky0cIoAh5GGEQwwhXH_fgwKc9xav38qPb1Ft6I516c5YEzNi-3Kfix5qKkUsOtS6lo83nAJ4r1UIzXi0ql4gTZ14L8MdxWCVdQ9BESdtRKL0_99Vu1RqfQKvwDOPgy2QhdyIpwLgTN6ZFD1VGc-knI2FJNxnhZBxi4kCvm-CkPQto2t9Kc4ysX8udQ4KoCuU-3IN9ao8tySm5f_aywqIeeh-8OOJmzTAgI6mozT7y_ifteshv4JvCfsThg70tiiCLvkunDZaI8DdeXvI56dQHkXGMxCl5fX0a8OxR5aWKeNa03sFsnOTmujyTUnO1LhL5ZD-rwMlE5hyO6LMv5tHyA1DHnBM5FMmGwXPtMBqAqnC9kcDOg0vdTvbq3iP-SawlzlCHZCvPhxy7YFf45kNzt_2ik2zObFhtLggLZVnKOMRQahoapM4WWdd_NzdgYBWgXExpx1JPjm64gLxcBDiioaQvrultuemA9K-IcC0NMrUvfnP7ZB1S4k8yXzv7AJ38Ux1KmWf_CQJnw0zjtS3cWzNO9XdLGgAeNgKbs4ZTg-hfut94LRRXImKKn-Jr634R77XEgps10fo56DZ29_cyZ5OeIIoSAjtRTNVrzmhHcNr5-wSErMlbq07Ywbms0yrrPm53cTwKWRnYzwA2c6i7MsDlhRVIngiBqvioiqwyrS3LZGtV9GHNco4ZUfA2zoqCmJoJhPMisOcsgc6Zz2oLtvubuJCoxj8GuqyUxkgFK1ddFmAg4ZeEOx4g35i4ddhclJ7pGCvns3j3AiGXHs2DQD9TWR9llxH6xL9UWKvmcjr5WpiukpFipZmAU73iwlldnT4wFyiCESE9iepMbEYpDGyhnpAeBhI1XXb6K5YwfUuH-yALQjFbvQ2SYAko60aiw1Bg_h8xG2hANUf9g8OtwmigGkBmZNenXrOules_iNIydCYxar5fj9ppAPfc0vX=w1365-h955,,,"stable_diffusion,star",2020-01-01
star_38,,star,1,"duong_mich,original",https://images2.thanhnien.vn/Uploaded/chungntk/2022_09_12/fcy6uexagae5cnp-9661.jpg,,,"stable_diffusion,star",2020-01-01
star_39,,star,1,"duong_mich,original",https://kenh14cdn.com/thumb_w/660/203336854389633024/2022/7/23/duong-mich10-1658589561345730757811.jpg,,,"stable_diffusion,star",2020-01-01
star_40,,star,1,"duong_mich,original",https://vnn-imgs-f.vgcloud.vn/2021/03/17/08/duong-mich-19.jpg,,,"stable_diffusion,star",2020-01-01
star_41,,star,1,"duong_mich,original",https://i.ex-cdn.com/thoidaiplus.suckhoedoisong.vn/files/content/2023/02/11/sao-chau-a-tung-anh-don-nam-moi-duong-mich-cung-chiu-that-the-truoc-nhan-vat-dac-biet-1-1613233004-99-width660height440jpg.jpg,,,"stable_diffusion,star",2020-01-01