id,name,postId,totalView,hashTags,script,thumbnail,description,categoryIds
beautiful_realistic_asians_1,,beautiful_realistic_asians,0,beautiful,https://image.civitai.com/xG1nkqKTMzGDvpLrqFT7WA/ba6e7731-fc49-438f-b343-a0b7c518b720/width=720/00363-3346998944.jpeg,,,"stable_diffusion,beautiful_realistic_asians"
beautiful_realistic_asians_2,,beautiful_realistic_asians,0,beautiful,https://image.civitai.com/xG1nkqKTMzGDvpLrqFT7WA/3dff39ef-fdbb-4a36-9fc4-4e9931a2ba90/width=512/00015-3157742538.jpeg,,,"stable_diffusion,beautiful_realistic_asians"
beautiful_realistic_asians_3,,beautiful_realistic_asians,0,beautiful,https://image.civitai.com/xG1nkqKTMzGDvpLrqFT7WA/1c3c64a6-6420-4cb3-a11a-812f26be001f/width=512/00037-3090340362.jpeg,,,"stable_diffusion,beautiful_realistic_asians"
beautiful_realistic_asians_4,,beautiful_realistic_asians,0,beautiful,https://image.civitai.com/xG1nkqKTMzGDvpLrqFT7WA/10bc15b9-2045-4918-b7c2-e1ea2f3a56b7/width=1024/00002-3705855002.jpeg,,,"stable_diffusion,beautiful_realistic_asians"
beautiful_realistic_asians_5,,beautiful_realistic_asians,0,beautiful,https://image.civitai.com/xG1nkqKTMzGDvpLrqFT7WA/8c74e9e5-12c3-453e-96e8-b9c4a65b0c2d/width=1024/00001-3705855002.jpeg,,,"stable_diffusion,beautiful_realistic_asians"
beautiful_realistic_asians_6,,beautiful_realistic_asians,0,beautiful,https://image.civitai.com/xG1nkqKTMzGDvpLrqFT7WA/97917cfc-9368-41d4-80a4-28739d09c13c/width=768/00026-1939051577.jpeg,,,"stable_diffusion,beautiful_realistic_asians"
beautiful_realistic_asians_7,,beautiful_realistic_asians,0,beautiful,https://image.civitai.com/xG1nkqKTMzGDvpLrqFT7WA/c35af61b-9ef6-43c6-86c0-4c32a40007d7/width=512/00104-2281994353.jpeg,,,"stable_diffusion,beautiful_realistic_asians"
beautiful_realistic_asians_8,,beautiful_realistic_asians,0,beautiful,https://image.civitai.com/xG1nkqKTMzGDvpLrqFT7WA/2fd8439e-f90f-4a36-9951-6baf69c1fe69/width=512/00341-500830839.jpeg,,,"stable_diffusion,beautiful_realistic_asians"
beautiful_realistic_asians_9,,beautiful_realistic_asians,0,beautiful,https://image.civitai.com/xG1nkqKTMzGDvpLrqFT7WA/ca115f5e-756a-40bf-9ea3-aeafd0de15b7/width=1024/00012-4220024565.jpeg,,,"stable_diffusion,beautiful_realistic_asians"
beautiful_realistic_asians_10,,beautiful_realistic_asians,0,beautiful,https://image.civitai.com/xG1nkqKTMzGDvpLrqFT7WA/dfb82887-1562-4e97-bc45-ade7aa0d13a7/width=768/00064-3675410792.jpeg,,,"stable_diffusion,beautiful_realistic_asians"
beautiful_realistic_asians_11,,beautiful_realistic_asians,0,beautiful,https://image.civitai.com/xG1nkqKTMzGDvpLrqFT7WA/dfb77315-64b4-4cd7-aaa3-29ffe382edde/width=1024/00002-3705855002.jpeg,,,"stable_diffusion,beautiful_realistic_asians"
beautiful_realistic_asians_12,,beautiful_realistic_asians,0,beautiful,https://image.civitai.com/xG1nkqKTMzGDvpLrqFT7WA/b7cd96f4-b3b9-499e-b41b-618ca92f352f/width=512/00121-3376158390.jpeg,,,"stable_diffusion,beautiful_realistic_asians"
beautiful_realistic_asians_13,,beautiful_realistic_asians,0,beautiful,https://image.civitai.com/xG1nkqKTMzGDvpLrqFT7WA/88eee7e4-6cd4-459c-8bed-ae8f36640907/width=568/00259-723429960.jpeg,,,"stable_diffusion,beautiful_realistic_asians"
beautiful_realistic_asians_14,,beautiful_realistic_asians,0,beautiful,https://image.civitai.com/xG1nkqKTMzGDvpLrqFT7WA/e7fe75c4-46a4-4536-9382-5cbc53b11c8e/width=720/00001-3346998944.jpeg,,,"stable_diffusion,beautiful_realistic_asians"
beautiful_realistic_asians_15,,beautiful_realistic_asians,0,beautiful,https://image.civitai.com/xG1nkqKTMzGDvpLrqFT7WA/42fb81cc-3781-45f7-bddb-9e8b0a5a35af/width=512/00131-256565104.jpeg,,,"stable_diffusion,beautiful_realistic_asians"
beautiful_realistic_asians_16,,beautiful_realistic_asians,0,beautiful,https://image.civitai.com/xG1nkqKTMzGDvpLrqFT7WA/a2f82be8-56df-4882-8a75-66f4491ac301/width=1024/00285-184265609.jpeg,,,"stable_diffusion,beautiful_realistic_asians"
beautiful_realistic_asians_17,,beautiful_realistic_asians,0,beautiful,https://image.civitai.com/xG1nkqKTMzGDvpLrqFT7WA/aa3238ac-538a-4df1-951c-29ab8f3db777/width=2048/00005.jpeg,,,"stable_diffusion,beautiful_realistic_asians"
beautiful_realistic_asians_18,,beautiful_realistic_asians,0,beautiful,https://image.civitai.com/xG1nkqKTMzGDvpLrqFT7WA/dec11449-e9ce-41e4-a19a-83ed03c4688a/width=512/00369-2801249138.jpeg,,,"stable_diffusion,beautiful_realistic_asians"
beautiful_realistic_asians_19,,beautiful_realistic_asians,0,beautiful,https://image.civitai.com/xG1nkqKTMzGDvpLrqFT7WA/5ee60e14-be5a-455c-323e-a0b2eaf03900/width=600/02001-1435007969-updo1girl%20solobrown%20hairlooking%20looking%20at%20viewerbrown%20eyesear%20simple%20background%20realistic%20shirt%20closed%20mouth%20black%20s.jpeg,,,"stable_diffusion,beautiful_realistic_asians"
beautiful_realistic_asians_20,,beautiful_realistic_asians,0,beautiful,https://image.civitai.com/xG1nkqKTMzGDvpLrqFT7WA/7fe34cb0-5717-4f65-b3c0-951cce3e8294/width=2048/00137-1673968187-DPM++%202M%20Karras-20-scaled.jpeg,,,"stable_diffusion,beautiful_realistic_asians"
beautiful_realistic_asians_21,,beautiful_realistic_asians,0,beautiful,https://image.civitai.com/xG1nkqKTMzGDvpLrqFT7WA/68ae1057-27a6-4a0a-b1f3-217059b48700/width=450/20230404221113-1872896464-night_scene_dark_a_stunning_photo_with_beautiful_saturation_by_Emily_Soto_pretty_korean_idol_woman_mature_1.3_best_qualit.jpeg,,,"stable_diffusion,beautiful_realistic_asians"
beautiful_realistic_asians_22,,beautiful_realistic_asians,0,beautiful,https://image.civitai.com/xG1nkqKTMzGDvpLrqFT7WA/309be6bc-2a7c-4b83-5bb7-59c8ae508b00/width=450/20230404221114-3372269509-night_scene_dark_a_stunning_photo_with_beautiful_saturation_by_Emily_Soto_pretty_korean_idol_woman_mature_1.3_best_qualit.jpeg,,,"stable_diffusion,beautiful_realistic_asians"
beautiful_realistic_asians_23,,beautiful_realistic_asians,0,beautiful,https://image.civitai.com/xG1nkqKTMzGDvpLrqFT7WA/fc183612-a184-4f80-206f-bd1c222f2d00/width=616/367698.jpeg,,,"stable_diffusion,beautiful_realistic_asians"
beautiful_realistic_asians_24,,beautiful_realistic_asians,0,beautiful,https://image.civitai.com/xG1nkqKTMzGDvpLrqFT7WA/8ea845e8-9b4b-4bd7-e2d1-72aae16d9300/width=616/367588.jpeg,,,"stable_diffusion,beautiful_realistic_asians"
beautiful_realistic_asians_25,,beautiful_realistic_asians,0,beautiful,https://image.civitai.com/xG1nkqKTMzGDvpLrqFT7WA/9ec9fcb0-97dc-4990-1d33-d4780d60d600/width=616/367569.jpeg,,,"stable_diffusion,beautiful_realistic_asians"
beautiful_realistic_asians_26,,beautiful_realistic_asians,0,beautiful,https://image.civitai.com/xG1nkqKTMzGDvpLrqFT7WA/b49944fb-1c76-463f-9c31-46d089edc762/width=512/00062-3432655998.jpeg,,,"stable_diffusion,beautiful_realistic_asians"
beautiful_realistic_asians_27,,beautiful_realistic_asians,0,beautiful,https://image.civitai.com/xG1nkqKTMzGDvpLrqFT7WA/e11c90c1-86be-4084-9ec1-c940bf932d52/width=1024/00100-3418640544.jpeg,,,"stable_diffusion,beautiful_realistic_asians"
beautiful_realistic_asians_28,,beautiful_realistic_asians,0,beautiful,https://image.civitai.com/xG1nkqKTMzGDvpLrqFT7WA/992c5b0f-ec79-4783-a1ee-1013e412fda3/width=768/00001-1929987914.jpeg,,,"stable_diffusion,beautiful_realistic_asians"
beautiful_realistic_asians_29,,beautiful_realistic_asians,0,beautiful,https://image.civitai.com/xG1nkqKTMzGDvpLrqFT7WA/48f58d4c-a495-4971-978c-fab7fabd846a/width=768/00029-1953540565.jpeg,,,"stable_diffusion,beautiful_realistic_asians"
beautiful_realistic_asians_30,,beautiful_realistic_asians,0,beautiful,https://image.civitai.com/xG1nkqKTMzGDvpLrqFT7WA/99c15cb7-828c-4ebd-aa91-9a8870eadf81/width=512/00040-3188811351.jpeg,,,"stable_diffusion,beautiful_realistic_asians"
beautiful_realistic_asians_31,,beautiful_realistic_asians,0,beautiful,https://image.civitai.com/xG1nkqKTMzGDvpLrqFT7WA/740b1018-474c-461a-a113-d8281537846e/width=711/00023-752735485.jpeg,,,"stable_diffusion,beautiful_realistic_asians"
beautiful_realistic_asians_32,,beautiful_realistic_asians,0,beautiful,https://image.civitai.com/xG1nkqKTMzGDvpLrqFT7WA/b7cd96f4-b3b9-499e-b41b-618ca92f352f/width=512/00121-3376158390.jpeg,,,"stable_diffusion,beautiful_realistic_asians"
beautiful_realistic_asians_33,,beautiful_realistic_asians,0,beautiful,https://image.civitai.com/xG1nkqKTMzGDvpLrqFT7WA/559d0ed2-9961-4358-83b7-15744db1d98a/width=1024/00279-4274171029.jpeg,,,"stable_diffusion,beautiful_realistic_asians"
beautiful_realistic_asians_nude_1,,beautiful_realistic_asians,0,nude,https://image.civitai.com/xG1nkqKTMzGDvpLrqFT7WA/b83075fb-9afe-449f-b3f7-f5390d9a0716/width=768/00028-2179149527.jpeg,,,"stable_diffusion,beautiful_realistic_asians"
beautiful_realistic_asians_nude_2,,beautiful_realistic_asians,0,nude,https://image.civitai.com/xG1nkqKTMzGDvpLrqFT7WA/efbe5ff7-520c-4c05-a2a1-a09db3e96502/width=768/21.4.jpeg,,,"stable_diffusion,beautiful_realistic_asians"
beautiful_realistic_asians_nude_3,,beautiful_realistic_asians,0,nude,https://image.civitai.com/xG1nkqKTMzGDvpLrqFT7WA/e0238636-e50e-4708-874e-38534ff82b30/width=716/00038-3298340443.jpeg,,,"stable_diffusion,beautiful_realistic_asians"
beautiful_realistic_asians_nude_4,,beautiful_realistic_asians,0,nude,https://image.civitai.com/xG1nkqKTMzGDvpLrqFT7WA/5dadf9f7-3793-49e4-b8d1-c3594ef960b0/width=768/00022-1617679825.jpeg,,,"stable_diffusion,beautiful_realistic_asians"
beautiful_realistic_asians_nude_5,,beautiful_realistic_asians,0,nude,https://image.civitai.com/xG1nkqKTMzGDvpLrqFT7WA/72d8f58d-6d19-40bf-8f1f-db02192a0525/width=768/19.5.jpeg,,,"stable_diffusion,beautiful_realistic_asians"
beautiful_realistic_asians_nude_6,,beautiful_realistic_asians,0,nude,https://image.civitai.com/xG1nkqKTMzGDvpLrqFT7WA/60b05ef0-ec05-46d7-a73b-b6521689630b/width=768/00014-3280881446.jpeg,,,"stable_diffusion,beautiful_realistic_asians"
beautiful_realistic_asians_nude_7,,beautiful_realistic_asians,0,nude,https://image.civitai.com/xG1nkqKTMzGDvpLrqFT7WA/804c5275-946e-4506-95e0-9b18ee68cb62/width=590/00015-4183965160.jpeg,,,"stable_diffusion,beautiful_realistic_asians"
beautiful_realistic_asians_nude_8,,beautiful_realistic_asians,0,nude,https://image.civitai.com/xG1nkqKTMzGDvpLrqFT7WA/af122bed-500e-4d90-9268-47c3de48b732/width=768/00057-1900383565.jpeg,,,"stable_diffusion,beautiful_realistic_asians"
beautiful_realistic_asians_nude_9,,beautiful_realistic_asians,0,nude,https://image.civitai.com/xG1nkqKTMzGDvpLrqFT7WA/c462596a-7c4e-4e48-b387-28e34e46744f/width=767/20.2.jpeg,,,"stable_diffusion,beautiful_realistic_asians"
beautiful_realistic_asians_nude_10,,beautiful_realistic_asians,0,nude,https://image.civitai.com/xG1nkqKTMzGDvpLrqFT7WA/1d7aebb3-0d6b-4776-aed9-60b337e0c770/width=751/20.3.jpeg,,,"stable_diffusion,beautiful_realistic_asians"
beautiful_realistic_asians_nude_11,,beautiful_realistic_asians,0,nude,https://image.civitai.com/xG1nkqKTMzGDvpLrqFT7WA/0e459e2f-5a87-4578-8fd5-2fdde9e8c477/width=710/20.4.jpeg,,,"stable_diffusion,beautiful_realistic_asians"
beautiful_realistic_asians_nude_12,,beautiful_realistic_asians,0,nude,https://image.civitai.com/xG1nkqKTMzGDvpLrqFT7WA/08b3f7af-caac-413b-b22d-d44846bed6e4/width=768/00005-3440847508.jpeg,,,"stable_diffusion,beautiful_realistic_asians"
beautiful_realistic_asians_nude_13,,beautiful_realistic_asians,0,nude,https://image.civitai.com/xG1nkqKTMzGDvpLrqFT7WA/2306e8c1-0e26-4755-9133-d9cbfc9c0e30/width=768/00004-1296232277.jpeg,,,"stable_diffusion,beautiful_realistic_asians"
beautiful_realistic_asians_nude_14,,beautiful_realistic_asians,0,nude,https://image.civitai.com/xG1nkqKTMzGDvpLrqFT7WA/f23eb3a3-206a-4041-a8b2-7d4e38f36890/width=768/00011-3138373617.jpeg,,,"stable_diffusion,beautiful_realistic_asians"
beautiful_realistic_asians_nude_15,,beautiful_realistic_asians,0,nude,https://image.civitai.com/xG1nkqKTMzGDvpLrqFT7WA/05816bc8-43a7-4896-9807-251cea34df2b/width=768/00024-1373105140.jpeg,,,"stable_diffusion,beautiful_realistic_asians"
beautiful_realistic_asians_nude_16,,beautiful_realistic_asians,0,nude,https://image.civitai.com/xG1nkqKTMzGDvpLrqFT7WA/6d027bcc-a39c-4e46-98dd-d1df088a9029/width=534/28.1.jpeg,,,"stable_diffusion,beautiful_realistic_asians"
beautiful_realistic_asians_nude_17,,beautiful_realistic_asians,0,nude,https://image.civitai.com/xG1nkqKTMzGDvpLrqFT7WA/7e9e8603-f2f5-4616-a6a8-7fa54298fceb/width=768/00002-3946277015.jpeg,,,"stable_diffusion,beautiful_realistic_asians"
beautiful_realistic_asians_nude_18,,beautiful_realistic_asians,0,nude,https://image.civitai.com/xG1nkqKTMzGDvpLrqFT7WA/da4f2e6d-a38b-488e-bada-16a9841cf95e/width=764/00005-2720855012.jpeg,,,"stable_diffusion,beautiful_realistic_asians"
beautiful_realistic_asians_nude_19,,beautiful_realistic_asians,0,nude,https://image.civitai.com/xG1nkqKTMzGDvpLrqFT7WA/1f98d986-0d95-4c20-9751-ad58d903cb3c/width=768/00008-459475554.jpeg,,,"stable_diffusion,beautiful_realistic_asians"
beautiful_realistic_asians_nude_20,,beautiful_realistic_asians,0,nude,https://image.civitai.com/xG1nkqKTMzGDvpLrqFT7WA/a2ec2a27-7fc3-4167-8484-b394902decb4/width=768/00077-1056202192.jpeg,,,"stable_diffusion,beautiful_realistic_asians"
beautiful_realistic_asians_nude_21,,beautiful_realistic_asians,0,nude,https://image.civitai.com/xG1nkqKTMzGDvpLrqFT7WA/e3f2e766-05a5-4317-8d04-d4ad2d6d9d3b/width=768/28.3.jpeg,,,"stable_diffusion,beautiful_realistic_asians"
beautiful_realistic_asians_nude_22,,beautiful_realistic_asians,0,nude,https://image.civitai.com/xG1nkqKTMzGDvpLrqFT7WA/982a565d-6972-4eff-ab01-dc6d72cd8c84/width=768/00075-2404714816.jpeg,,,"stable_diffusion,beautiful_realistic_asians"
beautiful_realistic_asians_nude_23,,beautiful_realistic_asians,0,nude,https://image.civitai.com/xG1nkqKTMzGDvpLrqFT7WA/f3d82a4a-684a-4a39-a4d6-0ca385b462e3/width=1024/00018-2514824786.0.jpeg,,,"stable_diffusion,beautiful_realistic_asians"
beautiful_realistic_asians_nude_24,,beautiful_realistic_asians,0,nude,https://image.civitai.com/xG1nkqKTMzGDvpLrqFT7WA/bb97e9ad-a4f4-4a72-886b-09a16c75e26d/width=716/lol.jpeg,,,"stable_diffusion,beautiful_realistic_asians"
beautiful_realistic_asians_nude_25,,beautiful_realistic_asians,0,nude,https://image.civitai.com/xG1nkqKTMzGDvpLrqFT7WA/e26e11cd-405c-404e-93c7-ec879ba39b8d/width=768/00073-2974454494.jpeg,,,"stable_diffusion,beautiful_realistic_asians"
beautiful_realistic_asians_nude_26,,beautiful_realistic_asians,0,nude,https://image.civitai.com/xG1nkqKTMzGDvpLrqFT7WA/66e2c638-f32f-4d10-8dd9-ade5a289ac4c/width=512/02071-2277985434-nsfw%20sex%20ahegao%20masterpiece%20best%20quality%20(dark%20photo_1.3)%20photorealistic%202girl%20%20(pureerosface_v1_0.7)%20stunning%20innocent.jpeg,,,"stable_diffusion,beautiful_realistic_asians"
beautiful_realistic_asians_nude_27,,beautiful_realistic_asians,0,nude,https://image.civitai.com/xG1nkqKTMzGDvpLrqFT7WA/f33051a1-62e3-4f86-a2b4-9c6755feca16/width=1024/02072-2277985434-nsfw%20sex%20ahegao%20masterpiece%20best%20quality%20(dark%20photo_1.3)%20photorealistic%202girl%20%20(pureerosface_v1_0.7)%20stunning%20innocent.jpeg,,,"stable_diffusion,beautiful_realistic_asians"
beautiful_realistic_asians_nude_28,,beautiful_realistic_asians,0,nude,https://image.civitai.com/xG1nkqKTMzGDvpLrqFT7WA/8bc461ac-1267-4805-8136-c9e5ab92d96b/width=768/00041-273876561.jpeg,,,"stable_diffusion,beautiful_realistic_asians"
beautiful_realistic_asians_nude_29,,beautiful_realistic_asians,0,nude,https://image.civitai.com/xG1nkqKTMzGDvpLrqFT7WA/09d64a39-5820-4226-bdf6-5bf61d910705/width=768/29.jpeg,,,"stable_diffusion,beautiful_realistic_asians"
beautiful_realistic_asians_nude_30,,beautiful_realistic_asians,0,nude,https://image.civitai.com/xG1nkqKTMzGDvpLrqFT7WA/e9dc5cf4-f45c-42d5-8661-386b4f44356f/width=1024/00121-1421186620.jpeg,,,"stable_diffusion,beautiful_realistic_asians"
beautiful_realistic_asians_nude_31,,beautiful_realistic_asians,0,nude,https://image.civitai.com/xG1nkqKTMzGDvpLrqFT7WA/82775395-e30d-4061-414a-1211309c6400/width=1024/00016-322552517.jpeg,,,"stable_diffusion,beautiful_realistic_asians"
beautiful_realistic_asians_nude_32,,beautiful_realistic_asians,0,nude,https://image.civitai.com/xG1nkqKTMzGDvpLrqFT7WA/ee7f8a91-1a46-4c9d-9919-7463a3004c00/width=1024/00015-322552517.jpeg,,,"stable_diffusion,beautiful_realistic_asians"
beautiful_realistic_asians_nude_33,,beautiful_realistic_asians,0,nude,https://image.civitai.com/xG1nkqKTMzGDvpLrqFT7WA/e403879e-bc1d-434c-be4f-60efa5ac5e96/width=960/1682345127665-564999283-(professional%20photo%20portrait_1.2)%20of%20a%20sexy%20korean%20young%20milf%20with%20saggy%20breasts%20showing%20her%20perfectly%20shaved%20pussy%20laying%20on%20h.jpeg,,,"stable_diffusion,beautiful_realistic_asians"
beautiful_realistic_asians_nude_34,,beautiful_realistic_asians,0,nude,https://image.civitai.com/xG1nkqKTMzGDvpLrqFT7WA/2bc6933d-d027-4c30-b51f-3698bf33ca28/width=1024anim=true/ezgif.com-gif-maker%20(2).jpeg,,,"stable_diffusion,beautiful_realistic_asians"
beautiful_realistic_asians_nude_35,,beautiful_realistic_asians,0,nude,https://image.civitai.com/xG1nkqKTMzGDvpLrqFT7WA/9fe33e1d-947b-4595-bb1a-f188fd64f2f1/width=768/00004-1155653022.jpeg,,,"stable_diffusion,beautiful_realistic_asians"
beautiful_realistic_asians_nude_36,,beautiful_realistic_asians,0,nude,https://image.civitai.com/xG1nkqKTMzGDvpLrqFT7WA/6ee3f5b7-5df9-46af-b889-c3f5d071c499/width=768/00012-624176967.jpeg,,,"stable_diffusion,beautiful_realistic_asians"
beautiful_realistic_asians_nude_37,,beautiful_realistic_asians,0,nude,https://image.civitai.com/xG1nkqKTMzGDvpLrqFT7WA/e3f2e766-05a5-4317-8d04-d4ad2d6d9d3b/width=768/28.3.jpeg,,,"stable_diffusion,beautiful_realistic_asians"
beautiful_realistic_asians_nude_38,,beautiful_realistic_asians,0,nude,https://image.civitai.com/xG1nkqKTMzGDvpLrqFT7WA/e3967147-05fc-43df-bccd-7a0e7b082b27/width=1296/11630-2674335132-(8k%20RAW%20photo%20best%20quality%20masterpiece_1.2)%20(realistic%20photo-realistic_1.4)%20(extremely%20detailed%20CG%20unity%208k%20wallpaper)%201.jpeg,,,"stable_diffusion,beautiful_realistic_asians"
beautiful_realistic_asians_nsfw_1,,beautiful_realistic_asians,0,nsfw,https://image.civitai.com/xG1nkqKTMzGDvpLrqFT7WA/5560421d-3ec8-4479-82bc-9ae3274c4f54/width=1536/00167-3014426153.jpeg,,,"stable_diffusion,beautiful_realistic_asians"
beautiful_realistic_asians_nsfw_2,,beautiful_realistic_asians,0,nsfw,https://image.civitai.com/xG1nkqKTMzGDvpLrqFT7WA/c8fd8f19-48c5-4e4b-9330-3efe6dd0e539/width=1536/00308-3670326723.jpeg,,,"stable_diffusion,beautiful_realistic_asians"
beautiful_realistic_asians_nsfw_3,,beautiful_realistic_asians,0,nsfw,https://image.civitai.com/xG1nkqKTMzGDvpLrqFT7WA/c53b5433-db42-4d9a-bc63-969f74d4e267/width=1024/00005-3705855002.jpeg,,,"stable_diffusion,beautiful_realistic_asians"
beautiful_realistic_asians_nsfw_4,,beautiful_realistic_asians,0,nsfw,https://image.civitai.com/xG1nkqKTMzGDvpLrqFT7WA/1d7dff94-0f73-43e2-8770-df011d1802a5/width=512/00028-2609654756.jpeg,,,"stable_diffusion,beautiful_realistic_asians"
beautiful_realistic_asians_nsfw_5,,beautiful_realistic_asians,0,nsfw,https://image.civitai.com/xG1nkqKTMzGDvpLrqFT7WA/804c5275-946e-4506-95e0-9b18ee68cb62/width=590/00015-4183965160.jpeg,,,"stable_diffusion,beautiful_realistic_asians"
beautiful_realistic_asians_nsfw_6,,beautiful_realistic_asians,0,nsfw,https://image.civitai.com/xG1nkqKTMzGDvpLrqFT7WA/fe637dc6-725d-4485-a913-444dff14b7ce/width=768/00009-1405544037.jpeg,,,"stable_diffusion,beautiful_realistic_asians"
beautiful_realistic_asians_nsfw_7,,beautiful_realistic_asians,0,nsfw,https://image.civitai.com/xG1nkqKTMzGDvpLrqFT7WA/cff72381-e7ba-4e70-8503-43654c50fa33/width=768/00005-2377948575.jpeg,,,"stable_diffusion,beautiful_realistic_asians"
beautiful_realistic_asians_nsfw_8,,beautiful_realistic_asians,0,nsfw,https://image.civitai.com/xG1nkqKTMzGDvpLrqFT7WA/aecaf81a-e27b-42c4-9a80-98421199332f/width=1024anim=true/ezgif.com-gif-maker%20(1).jpeg,,,"stable_diffusion,beautiful_realistic_asians"
beautiful_realistic_asians_nsfw_9,,beautiful_realistic_asians,0,nsfw,https://image.civitai.com/xG1nkqKTMzGDvpLrqFT7WA/0bc20ce9-a117-4c83-8728-599d7c526a41/width=512/00233-189999700.jpeg,,,"stable_diffusion,beautiful_realistic_asians"
beautiful_realistic_asians_nsfw_10,,beautiful_realistic_asians,0,nsfw,https://image.civitai.com/xG1nkqKTMzGDvpLrqFT7WA/68609660-08d9-4ff3-b9b2-14f62ed65edb/width=512/00138-1373533732.jpeg,,,"stable_diffusion,beautiful_realistic_asians"