id,name,pComicId,totalPage,totalView,thumbnail,createdAt
arai_kei_1,One Shot,arai_kei_1,97,1,https://i2.hentaifox.com/004/2770077/cover.jpg,2020-01-01
arai_kei_2,One Shot,arai_kei_2,73,1,https://i.hentaifox.com/004/2252118/cover.jpg,2020-01-01
ashiomi_masato_1,One Shot,ashiomi_masato_1,181,1,https://i2.hentaifox.com/003/2054205/cover.jpg,2020-01-01
linda_1,One Shot,linda_1,22,1,https://h10.hmangasearcher.com/manga/101/Bleach%20Dj%20-%20Orihime%20%28linda%20Project%29/1/1.jpg,2020-01-01
linda_2,One Shot,linda_2,20,1,https://h10.hmangasearcher.com/manga/101/Bleach%20Dj%20-%20Nanao%20%28linda%20Project%29/1/1.jpg,2020-01-01
linda_3,One Shot,linda_3,23,1,https://h10.hmangasearcher.com/manga/101/Bleach%20Dj%20-%20Rangiku%20%28linda%20Project%29/1/1.jpg,2020-01-01
linda_4,One Shot,linda_4,38,1,https://m6.hentairox.com/020/6t9zfyrnu1/cover.jpg,2020-01-01
linda_5,One Shot,linda_5,202,1,https://i2.hentaifox.com/004/2495485/cover.jpg,2020-01-01
linda_6,One Shot,linda_6,216,1,https://www.hentaicloud.com/media/photos/1121223.jpg,2020-01-01
date_1,One Shot,date_1,216,1,https://m5.hentairox.com/017/fzmgh3kaen/cover.jpg,2020-01-01
date_2,One Shot,date_2,199,1,https://m5.hentairox.com/016/w7vup9qsfb/cover.jpg,2020-01-01
dramus_1,One Shot,dramus_1,163,1,https://m5.hentairox.com/018/c1n2yihpj3/thumb.jpg,2020-01-01
izayoi_seishin_1,One Shot,izayoi_seishin_1,221,1,https://m5.hentairox.com/017/yjfp5n6icm/cover.jpg,2020-01-01
izayoi_seishin_2,One Shot,izayoi_seishin_2,213,1,https://m5.hentairox.com/017/yjfp5n6icm/cover.jpg,2020-01-01
izayoi_seishin_3,One Shot,izayoi_seishin_3,219,1,https://m4.hentairox.com/014/3pz6y9nw5g/1.jpg,2020-01-01
karube_guri_1,One Shot,karube_guri_1,186,1,https://m4.hentairox.com/014/1h4ute8yk3/cover.jpg,2020-01-01
karube_guri_2,One Shot,karube_guri_2,190,1,https://m3.hentairox.com/011/1gwzful37n/cover.jpg,2020-01-01
kishizuka_kenji_1,One Shot,kishizuka_kenji_1,250,1,https://m6.hentairox.com/020/sbwfpnzevo/cover.jpg,2020-01-01
kishizuka_kenji_2,One Shot,kishizuka_kenji_2,124,1,https://m4.hentairox.com/015/47ncpdqgma/cover.jpg,2020-01-01
kishizuka_kenji_3,One Shot,kishizuka_kenji_3,96,1,https://m5.hentairox.com/017/qs5doc6wxp/thumb.jpg,2020-01-01
kishizuka_kenji_4,One Shot,kishizuka_kenji_4,245,1,https://m6.hentairox.com/020/6f4xbpo1ha/thumb.jpg,2020-01-01
mizuryu_kei_1,One Shot,mizuryu_kei_1,247,1,https://i2.hentaifox.com/004/2679664/cover.jpg,2020-01-01
mizuryu_kei_2,One Shot,mizuryu_kei_2,277,1,https://i.hentaifox.com/004/2659236/cover.jpg,2020-01-01
mizuryu_kei_3,One Shot,mizuryu_kei_3,278,1,https://i2.hentaifox.com/004/2408949/cover.jpg,2020-01-01
nanase_mizuho_1,One Shot,nanase_mizuho_1,195,1,https://m6.hentairox.com/021/qfy7kb19d8/cover.jpg,2020-01-01
nanase_mizuho_2,One Shot,nanase_mizuho_2,203,1,https://m6.hentairox.com/021/lvx0dab8uc/cover.jpg,2020-01-01
nico_pun_nise_1,One Shot,nico_pun_nise_1,203,1,https://m6.hentairox.com/021/gvqyetbnj3/1.jpg,2020-01-01
nico_pun_nise_2,One Shot,nico_pun_nise_2,190,1,https://m4.hentairox.com/015/h8pqres35o/thumb.jpg,2020-01-01
nico_pun_nise_3,One Shot,nico_pun_nise_3,232,1,https://m2.hentairox.com/008/dhaxlt2cfv/thumb.jpg,2020-01-01
nico_pun_nise_4,One Shot,nico_pun_nise_4,213,1,https://i2.hentaifox.com/001/157757/cover.jpg,2020-01-01
nico_pun_nise_5,One Shot,nico_pun_nise_5,202,1,https://i.hentaifox.com/004/2236158/cover.jpg,2020-01-01
sanagi_torajirou_1,One Shot,sanagi_torajirou_1,202,1,https://m2.hentairox.com/009/kxydh5qjc3/cover.jpg,2020-01-01
sanagi_torajirou_2,One Shot,sanagi_torajirou_2,189,1,https://i.hentaifox.com/001/701941/cover.jpg,2020-01-01
sasamori_tomoe_1,One Shot,sasamori_tomoe_1,51,1,https://i2.hentaifox.com/004/2778519/cover.jpg,2020-01-01
sasamori_tomoe_2,One Shot,sasamori_tomoe_2,239,1,https://i.hentaifox.com/003/1637024/thumb.jpg,2020-01-01
sasamori_tomoe_3,One Shot,sasamori_tomoe_3,209,1,https://i.hentaifox.com/002/1187109/thumb.jpg,2020-01-01
sasamori_tomoe_4,One Shot,sasamori_tomoe_4,82,1,https://m2.hentairox.com/008/dpm6wr349h/cover.jpg,2020-01-01
shinozuka_yuuji_1,One Shot,shinozuka_yuuji_1,213,1,https://m5.hentairox.com/017/1074swzle9/cover.jpg,2020-01-01
shinozuka_yuuji_2,One Shot,shinozuka_yuuji_2,237,1,https://m4.hentairox.com/014/wtqf214l3r/cover.jpg,2020-01-01
shinozuka_yuuji_3,One Shot,shinozuka_yuuji_3,33,1,https://m3.hentairox.com/012/yz213j7q5r/cover.jpg,2020-01-01
takasugi_kou_1,One Shot,takasugi_kou_1,222,1,https://i.hentaifox.com/001/750511/cover.jpg,2020-01-01
takasugi_kou_2,One Shot,takasugi_kou_2,217,1,https://i.hentaifox.com/003/1792175/cover.jpg,2020-01-01
takasugi_kou_3,One Shot,takasugi_kou_3,201,1,https://i.hentaifox.com/002/885547/cover.jpg,2020-01-01
takasugi_kou_4,One Shot,takasugi_kou_4,209,1,https://m2.hentairox.com/008/l5soir4wd6/cover.jpg,2020-01-01
takasugi_kou_5,One Shot,takasugi_kou_5,207,1,https://i.hentaifox.com/001/568386/cover.jpg,2020-01-01
takasugi_kou_6,One Shot,takasugi_kou_6,196,1,https://i.hentaifox.com/002/980350/cover.jpg,2020-01-01
takasugi_kou_7,One Shot,takasugi_kou_7,190,1,https://i.hentaifox.com/001/421249/cover.jpg,2020-01-01
takasugi_kou_8,One Shot,takasugi_kou_8,205,1,https://i2.hentaifox.com/002/1227966/cover.jpg,2020-01-01
takeda_hiromitsu_1,One Shot,takeda_hiromitsu_1,257,1,https://m6.hentairox.com/021/hs76dr4ptf/cover.jpg,2020-01-01
takeda_hiromitsu_2,One Shot,takeda_hiromitsu_2,216,1,https://i2.hentaifox.com/004/2368064/thumb.jpg,2020-01-01
takeda_hiromitsu_3,One Shot,takeda_hiromitsu_3,238,1,https://i.hentaifox.com/002/1501788/cover.jpg,2020-01-01
utu_1,One Shot,utu_1,187,1,https://m5.hentairox.com/019/134rbfihyq/thumb.jpg,2020-01-01
utu_2,One Shot,utu_2,184,1,https://m3.hentairox.com/012/lamy8p4fzv/thumb.jpg,2020-01-01
utu_3,One Shot,utu_3,230,1,https://m7.hentairox.com/022/i8oxsjp9wf/thumb.jpg,2020-01-01
utu_4,One Shot,utu_4,167,1,https://m6.hentairox.com/022/owg9d4sfx8/cover.jpg,2020-01-01
yamatogawa_1,One Shot,yamatogawa_1,224,1,https://m7.hentairox.com/023/3rvldjq0na/cover.jpg,2020-01-01
yamatogawa_2,One Shot,yamatogawa_2,215,1,https://m6.hentairox.com/020/dpb67kmf4r/cover.jpg,2020-01-01
yamatogawa_3,One Shot,yamatogawa_3,212,1,https://m7.hentairox.com/023/9cf1xea3vk/cover.jpg,2020-01-01
yamatogawa_4,One Shot,yamatogawa_4,220,1,https://i2.hentaifox.com/001/341776/cover.jpg,2020-01-01